Pos;Cout
YYGRXWGBWOGYBXBOGRRRGYXRBGRRRWYXOWOOOGGBXWBYBYWBOXWYOW;16
GGWYXWYYRYRRBXOBWBGGWBXBYWBGOORXYRGOGROOXYBGYRRWBXOOWW;16
OOORXORYGGGGBXWOYBYBRRXBYYBWGGRXORWOWYYBXWBWBRRWGXGYOW;19
OGWGXGGRRGWYRXOOYYRWWGXORYWGYOYXBBBBGRYWXBWWBBRRBXOYOO;20
YWWWXRGORORYOXRYRRRWWBXBBGWGGOOXYBYBGBGOXGWGOYWRYXBBYO;14
GGGRXWRRWYBGGXGOBRYYGWXOBBWRRWWXBBOWOOOWXYORBYYROXYYGB;20
YRGBXRYYROWROXWYYYGGWRXWRWBGBWGXOROBOYGBXGWROBOWBXYBGO;20
OOOBXGGBGGWYRXGBOBRRRYXGYYBWWGOXWRBBWYYRXGWBYRRWWXOOYO;20
OWWOXWRGWGBGRXGOOBYOGYXRYRRROOWXBWRWGBYYXBOGBRGBYXYYWB;17
OWWOXBYOGGGRRXRBORGYRBXYBOBWWOBXYRRBGGYRXGWGYYBWWXWOYO;14
GYGGXYGYGYWYOXRYGRRGRBXRBWRWRWWXBWBWOBOWXGOYOYOBRXOBOB;18
YYGGXRRRWOWGWXBYGYYYGYXGRBBRBWRXYRBOOGGOXOBWOBWWOXOBRW;18
ORGBXYRBWGYGOXGBBYYRGYXORBBRRWYXWRGOOWYOXGBGYBWWOXROWW;17
YWWGXRGRROYYWXOBBBRYWBXOYBRGGOWXYWGOGGGOXRBBYRYBRXOOWW;20
YYGRXRRWWOGGBXYBWYYGGOXRRWBRBWYXORBBOGGGXYWWYBOWBXOORO;17
YOWRXGGOWOBYRXOOYRRYGGXYBORRWOBXWWWWGWGRXGOYBYBBGXBYRB;16
GOOOXRRYRYBGYXOOGRYGWGXWBYBGBGGXBRYBWWOWXOWWBYRWRXBYRO;16
OGWWXRGWWGRYGXOOOBRGGBXWYYWRBOBXOBOBGRYGXYWBBRRRWXYYYO;19
OWWRXGRBGGGGOXOBYRYRRBXRBWWWWOYXBBOOGBYYXGBYYYRRGXWOOW;19
YYOBXGGWWOWYOXYOOYRGGRXOROWRYGWXRBGOWBGBXGBWBBBRYXRYRW;20
OWWYXYYBGGRRRXBOWYGRRYXRRWRWOOWXGWBBGGYYXGWOBBOBBXOYGO;20
OOWWXBYRRGORGXGYBBGWWWXRYRRGWOYXOWBBGYYGXYWBORGBRXOBYO;20
OYGOXWRBWGGGRXGBRRYOGYXWBWBRRWGXYRGOOBYOXBBBYYOWYXROWW;17
YWOYXORWWOOGWXGYBBYBGYXRYRWRGGYXBBBBWGGYXOWWORGRRXOBRO;19
ORWYXOYGRGORGXWYWYGOWRXGRRBGBORXGROOGYYWXYBBOBBWBXWBYW;18
YRGOXWYYGOBROXROOBGBRGXWYGWWRWBXRBOBOYGBXGWGBRYRYXWYWO;14
GGGOXGGBGYGYWXOYRRRRRBXYBGRWWWBXBWRBOROWXOWYOYYBWXYBOO;18
GWWRXWRRGYGGBXOBYBYYRBXOYBBWROWXOROBGGOGXYWRYRWWGXYOBO;20
GWWRXWYYGYBRYXBBGBGGRYXOYORWOOYXOWRWGGOGXROBYRBBRXWOWB;19
ORGBXOYOWGYRRXOBWBGWGBXGYYRRGWRXYWWWOWYOXBOGYRRBGXBOYB;17
YBGWXOYWWOORYXBOORGBGYXWBWWRGWGXRBYWORGGXROOBYRRYXGYBB;18
OOOYXOYRRGRRBXWYYBGWWOXBYGWGBGRXBBGBWYYWXYWRORWRGXOBGO;16
GWGYXGYOWYRRBXRBGRGWGBXYBORRWWGXWWOBOBORXYWOYYBBRXYOGO;20
GWWBXOYOGYYRYXRYBBGWRGXBYWWWGOOXGBRBGBOYXOWGORRRRXYBWO;20
OOGGXWRWRGWGRXOYYYYBWGXRRGWGRWYXRBBBOYYBXGWWOBYRBXOBOO;20
ORGOXRRBRGGGWXYOYRYRWOXWBBRGGWGXBWBBOWYWXOWYBYYBGXOYRO;20
OGWYXRGOWGOYGXBYRRRWGWXWBBBRBOGXORGOGRYBXYBWOYYWYXOBRW;15
OOGGXBRBWGWGOXOOORYRGGXYBRBRWWBXYRRWOYYRXBOGBYGWWXWYYB;12
GGWGXWYOGYWRYXOOWRGYRBXYBWWWOOBXGBBWGOOYXRORBYRRBXRYGB;18
OOOWXBRBRGRGYXOOBRYRWGXOBGWGYGYXRBWWWWYGXROGBYWROXBYYB;10
YBOWXRGRROOYOXYBWBRWWOXWYYWGGGGXBBBWWOGYXGOGYRRRBXROYB;20
YOOOXOYYGOBRGXWOGRGGRRXBBBBWGGRXYROWWWGRXWOBBYWWRXYYYB;20
YYWBXORRGOYGOXBBBBYYRWXOYWWWBOWXGBGOGGGWXGBYYRRRRXROOW;19
GWWBXWYYGYYROXRBOBGGRGXWYOWWOOBXYBBBGGORXGWWYRBRYXRORO;20
GWWOXRYYRYBROXWYRRGGWRXYBWWGGOBXYBBOGGOOXGBBOYORYXRBWW;20
YYOWXORWROOGRXOOOYYBWGXWRWWGBGGXYBBWWGGRXGOBBBRRYXRYYB;20
YOORXYROGOGGRXBBGRYYRWXBBWWWRGOXGBYBWWGWXBWGYYRROXBOYO;13
GOOGXRGRWYYYBXBBWRRYGYXGBWBRBGOXORGOWWOBXWBYYYRWGXROOW;19
GWWBXYYYGYWRBXRBRRGGRGXOBYRWOOWXOWBOGGOGXYBRYYRBWXOOBW;19
YGGWXYRYROOGWXGOBBYBWYXWYGWGRWBXYBBWORGOXROOBRWROXRYGB;16
OBGGXBGORGWYOXRYRRRYWBXYBRWGWWGXWBYOOOYOXGBWOYGRYXBBRW;15
GWWGXRYWRYYROXBOGBGBWYXOYRWGBOWXWBRBGGORXBWYBRGROXYYOO;16
YBWYXOGRGORYGXRBOBRWRGXOYBRWBOWXOWWOGRGGXWBGYRYBYXBOYW;12
YGGYXWGBROOYOXBYRRRRWWXGBBBGOWOXGRRWORGYXBOGOYYWYXWBWB;18
OBOBXYYGGGYRGXRYRBGORGXWYYWWOGBXGBOOWOYWXYBRORRRWXWBBW;20
OYWWXYGGWGOYGXRYRRROGBXWBRWROOBXWBBBGBYRXYWGOYGRYXOBWO;17
YOWYXRRGGORGGXGBWRYRRYXYBOBWBOBXORROGWGBXWBYYYGWBXWOOW;20
GWOOXOYYWYBRRXGBRRGGGWXGBBRRGGRXWWOBWBORXBWWYYYBYXYOOO;20
OGWYXWYOGGRRBXWBBYGYRRXYROWWOOGXBBBBGRYWXYWGYBGROXROWO;20
OOGOXYRWWGBGGXROGYYGGBXGRBBRRWOXBROOOYYYXYBWBBWWRXWYRW;18
OROOXWRGWGBGBXGBRBYRGWXWYRWROGBXGBGWWWYYXYOYYRBRYXOOOB;20
YYOBXWGWWOYYWXRBRRRBGBXGBGWRRGOXRBBWWGGGXOOYYYWRYXOOOB;20
GGGBXRYYWYYRBXGBBBGGGWXRYWWRBWYXRBRWOOOGXWOYYROROXWOOB;20
GYOYXRYYRYOROXWOBBGGWRXRYWBGGGYXGRGOWBOWXBBBBROWRXOYWW;19
GOOWXBGWWYRYYXRBGRRBGBXYBOWRYGGXGBGWWWOWXROYYYBROXROOB;15
OWWYXOYOWGRRBXOBYYGWGGXBRBBRBORXYRROGGYOXYBRYBWWGXWOGW;20
YBWOXGYGGOGRRXWBYYGRRRXYRYRWWOBXBWOWGOGWXBOYYBRBGXWOOB;19
YGOYXORWWOOGWXBYBBYGGYXYYOBRGGGXBRRBWRGWXOWWORBWRXYBRO;20
YBOOXGGRGOGYWXYYWRRYROXYBBBWWGGXOROOWRGBXRBROYYWBXWBGW;18
OBGOXBRRGGGGRXWOYRYYRRXBBYWWYWOXWBWOORYOXGBBBYORGXGYWW;17
GRORXGRRGYGGWXGYYYYWRWXOROBWYGYXORWOWYOGXOBROBBWBXBBBW;20
OOWBXOYRWGYRGXGYOBGWGWXBYYBRBORXRRWWGYYGXYOOORRWWXBBGB;20
GWWYXOYYWYRRBXBBRYGGGWXORRBRBOWXRROOGGOBXYBOYBGWWXYOGW;15
OWGGXOGYWGWYRXGORRRBGYXGBWWRBWRXWBOBOBYOXBWOBYRRYXYYGO;17
YWGWXYYRGOOROXYOBBGWROXBYRWWRWOXGBWOOGGYXGBBBRGRRXBYYW;20
YBGGXRGWROYYBXGYBYRBWWXRRWWGGWYXYBGWOOGOXYOWOBRRRXOBOB;17
GOWGXBRYWYWGWXGBRBYBGYXGYOBRWORXORBBGWOGXRWYYRBWYXROOO;16
GOORXORYGYGGWXYOWRYBROXWBGWWGGBXRBBBWWOBXRWYBYYRGXOYRO;17
YOWOXRRWROGGBXGORYYGWYXBRWWGGOOXWBWWGYGRXYORBBORYXBYBB;19
YYOBXRGGWOYYWXYBBYROGRXORRRRBGYXBWWOWGGWXOBWYBGBOXGORW;20
OOOOXOGBRGGYYXBBRRRRWWXWBBBGBGGXGRGOWWYYXRBYYYYWWXROOW;16
YYWBXWGOWOYYGXOBBBRWGBXGYYRRRORXBWOBGGGWXWWOYRRBRXYOGO;20
YRGBXWRWWOYGBXGOGBYGGYXOYRRROWYXRWBOOYGGXWBWBRBBOXOYRW;15
GGGRXOYYRYBRWXGBWBGGWWXYYYBGBWBXWRGOOROOXRBYYRRWBXOOOW;17
GYWRXWYWRYBRBXRBWYGGWGXRRYWGOOYXWBBBGGORXYWOYBORBXOOGO;20
YYGYXOYOWORRBXRBWYGYGBXGRWRRBWOXWWWWOGGRXYORYBOBBXGOGB;14
GYGOXGRBWYGGYXGYRRYRGWXWBWRRYWBXOWGWOBOBXOOWOYRBYXRBOB;20
GWWWXOGRGYOYRXOOGYRYRBXRRBRWGOWXYWYOGGOOXBBBBBWBRXGYYW;19
GWGRXBYWRYBRYXWYRRGGWRXBBWRGYWOXRWYBOBOGXOWOOYOBYXGBGO;18
OWWWXORYRGRGYXBORBYGWWXBYBRGGORXWWBWGGYOXOORBRYBYXOYGB;19
GWWRXOGOGYGYBXROYRRYRBXRBBBWBOYXORROGGOGXWBWBYYWGXWYOW;19
OWWWXYGWWGOYWXOOYYRGGBXGRRWROORXOBYWGBYGXROYBBBRGXBYRB;18
OBGOXGYRRGGROXBYWBGWWWXGYYRGYWRXBWOBORYYXBWWORRBGXYBOO;15
YWOYXGGBROOYWXBYGRRRWYXOBYRGYGWXGWGOWBGWXRBOOYRBRXOBBW;15
OWOOXRGOGGGYOXYBWYRYRRXORWBWBGWXRRYOWBYGXBBGYBRWGXBOYW;14
YYOOXRYOWOBRYXGYYYGYGWXGRWBRBGRXBRGBWGGWXRWWOBOWBXOBRO;20
GROWXWRBRYOGYXGYGBYOWYXGYBWGRGRXGBYBWYOWXOWRORWROXBBBO;17
YRGRXBGGWOBYWXGYRRROGWXGBYRRWWRXGWYBOWGYXOWOOYOBYXBBBO;16
GOORXGYBWYGRBXRBRRGOGBXGBGWRYGOXBBRBWWOWXYWYYYWRYXWOOO;20
YGGOXRGWWOBYGXWOGBRGGRXWYYWRBWBXYBYBORGOXYWWBRRROXBYOO;14
OGGOXBRYGGGGRXOBWRYBRBXRBYWWWWWXWBRWORYOXBOGYYORGXYOYB;20
GBOGXBGGWYYYBXYOOYROGOXBRWWRYGRXGBGOWOOWXWBYBBRRWXRYRW;17
ORWOXBRRWGGGWXBOWBYYGYXGYGRRWORXYWBBGWYOXOWRBRYBGXOYBO;16
YWWGXYROGOYGYXOYYBYWRGXBYBRWOORXWWBBGGGRXRWRORWBBXOBGO;20
OOOYXBGRRGRYGXOBYYRWWGXGRORGYGRXRWWBWYYBXWWWYBBBGXBOOO;18
ORORXORWGGGGOXWOORYBROXBBBBWGGRXWRYBWYYRXBWGBYYWYXGYWO;19
GBWGXRGORYYYBXOORBRWWBXWYBRGGOGXWWOBGRORXWWOBRYBYXYYGO;17
YRWRXBYYGOGROXYOWYGGROXRRWWWWOYXOBBWGWGGXBOBBBORGXRYYB;18
YRWRXYYYGOBROXYBWYGBRRXBRRBWOOOXWRYWGWGOXGOGYBGWBXGOWB;18
YWGRXBRWWOGGYXOYBRYBGGXRBYRRYWWXOWYOOGGBXRBWOYOBRXGBOW;18
YYWRXWRBGOGGGXBYOBYRRWXBYYBWOOOXBRRBGGGYXWWOORRWYXWBGO;18
OOGGXWYYWGWROXBBWBGGGYXOYRWRRWWXOBBOOYYBXGBYYRGRBXRORW;20
YYGOXBGWWOBYOXYOBBRGGOXRYBBRYWYXWRGBOGGRXGWWBRWWRXRYOO;20
GRGGXOYRGYYROXROWBGWRBXWYBRWGWBXWWOOOYOOXBBRBRYBGXYYGW;19
OBOBXYGRRGYYGXRBYYRWWGXBRBBGOGRXYROOWOYRXWBOYBWWGXWOGW;14
GRGYXGYGWYORRXGBOBGOGYXGYBRRWWRXWWBBOYORXBWBYRWBWXOOYO;18
OGOBXOGRGGYYGXWBBYRYROXYRWWWGGGXYBBOWRYOXWBBYBRROXROWW;18
OOOOXORRWGGGGXWOYRYYGRXWBYWRBGBXRBGWWWYBXWOBBYORGXRYYB;16
OOOOXYYYGGGRYXBYWBGGRYXBYRBWOGRXORWOWWYBXRBWORGWBXGBRW;20
GGOWXYYBGYORBXRBWBGORGXYYGWWRGGXRBRWWOOBXYOYYRWRBXWOOB;18
OGWOXWRBRGGGGXYOBBYOWOXWYWWGOOBXYBYWGRYRXWOBBRRRRXGYYB;19
OYORXGRGGGGGWXYYBBYOROXWYWWWYGBXYBBBWBYRXOWGORRRRXOBWO;17
YOGOXWRBWOBGRXGYOYYRGYXRRBBRRWYXORYOOYGGXGBGOBWWWXBBWW;12
YOGRXGGRGOGYWXBYORRYRWXBBBBWYWRXGRGOOYGWXRBOOYYWWXOBBW;16
GGWBXORBRYYGYXBYOYYOWWXRRGRGGOWXWWBWGROOXROGOBYBYXRBWB;20
OWOWXOGBRGOYGXOOOBRRWBXWYYBGGGGXWRYBWBYRXYWRBRRWYXBYGO;16
GRGGXBGWWYYYOXWYOYRGGOXYRRBRWWBXRRRBOYOBXBWOOBGWYXWBGO;19
GGGYXOYWWYRRWXYOBBGGGOXYYGWRBWBXBBGOOOOWXOBWBRYRRXRYRW;20
YOWYXGGYGOOYYXBBBBRBRWXGYGRWWORXWWBBGWGRXRWOYRYBRXOOGO;19
GRWGXOGWWYYYRXBBRRRGGWXYBWBRBOBXRROWGWOGXBOOYYOWYXYOGB;18
YYGWXBGOWOOYGXRORRRYGBXGBBRRWWRXOWBBOGGGXWWYBYYBWXOYRO;18
GWGWXOYRRYORBXROBYGWWGXBRBBGGWRXYRRWOGOOXWOGBBYWOXYYYB;20
YYWOXGRBROBGWXRBGRYRWGXWBWWGWOBXYBYBGGGRXOWYYYRROXBOOO;17
YGOWXRRRROOGYXBYOYYWWYXBRGBGBGOXRRWWWOGGXROGOBYWYXBBWB;20
YBOBXYYGGOYRYXROYYGORGXBRWBWOGRXGRROWOGWXRBBBBOWGXWYWW;17
GBWWXBRRWYOGYXBYGBYWGYXBYYBRWOOXORYBGROGXOWGORRWRXGBWO;20
GWWWXGRBWYRGOXYOYBYRGOXGYYBRWORXBROOGBOYXBBOBRRWGXWYGW;19
YRGBXGROGOYGWXGBWBYYRYXBYRBWWWOXORRBOYGGXOWRYRGWBXWOBO;16
GWOGXOGRGYYYWXRYRBRWRGXYYORWGGBXGWOBWBOWXOWRORBBYXYBBO;20
OOOYXRRBWGRGGXGYGYYRGYXBRBBRGGOXBROBWWYYXWWWOBWWOXYBRO;14
GGGRXYRWRYGGBXWBYRYBWRXBBYRGRWOXRWWBOOOBXYWWYYOBGXGOOO;20
ORGYXGYGGGOROXRBYBGORGXWYWBWWWBXBRRWOYYYXBORYROWGXWOBB;17
OOOOXOYYWGGRGXBYRBGGGYXWYRWRBGBXWBBWWYYRXWOWORGRYXRBOB;20
OOOYXRYWWGORWXOORYGGGGXYRBBRGGGXRRYOWWYBXRBOBBWWYXBYBW;19
GOOWXRGWGYRYYXRBYBRGRGXGYORWBGOXYWWOWWOOXRBBYRBBGXBOYW;17
GWOGXYGGWYYYRXBBOBROGYXGYOBRRGRXYRWWWBOOXBOWYRBWWXGORB;17
GRGBXGYYRYYROXBBBBGGWWXGYYBGWWOXRROBOWOGXBWYYRRWRXWOOO;20
OBWWXGGGWGOYBXBBRRROGWXOBOBRWOYXWRGWGRYRXYOGYYBWYXROYB;14
GYGBXGROGYYGRXYBWRYYRRXBBOBWWWOXWRGBOGORXBWWYYGWBXROOO;19
OWWRXRRYGGGGWXWBRRYGRRXWBOWWBOBXOBYBGGYBXOWYYYGRYXBOOO;16
GBORXBRRGYGGGXWOYRYYRRXGBYWWWGOXRBOOWOOBXWBBBYORGXWYYW;15
YYWOXRYWROBRBXBBBRGGWYXOBWRGGOWXYWGOGGGOXWBYYYRBRXOORW;13
OOOGXYGGRGWYOXRBWRROWBXRBGRGOGWXRWYWWWYGXBOYYYYBBXBORB;15
OWWGXYGOWGWYGXWOORRWGRXGBBBRRORXORGOGBYBXYBRBYYWYXOYBW;17
OWWYXWYRWGRRGXOYYBGWGBXGYRRROOOXYWWWGBYOXYORORGBBXGBBB;19
GWWYXYYWGYRRBXOBBYGBRGXGRWRWOORXGWROGGOYXYBRYBOBOXWOBW;16
OOWWXBYRWGORWXRYGBGYGGXYYGWRWOGXBBBWGYYYXROOORWROXRBBB;19
GGORXGGOGYBYYXROORRWRGXYBBBWYGBXORRWWOOBXROGBYWWYXWYWB;20
YOOBXWGGGOYYGXBBOYRRRWXRROBWRGYXGRBBWWGYXWWOYBBWYXROGO;17
YOOYXGGWWOOYOXBYGBRGGWXBYWBRYGRXORYOWWGBXGBYORRWRXBBRW;20
OWGOXWRWWGGGGXYOGBYGGOXOYBWRRWWXOBROOBYBXYBRBRYRRXYYBW;16
OOOOXBYOGGBRGXWOGYGYRRXWROWWYGBXGBRWWWYWXYORBBGRRXYYBB;15
OWWYXOYGGGRRBXBBGRGORWXBBWBWBORXYROOGGYOXYBGYYRWRXWOYW;17
GROGXBGBRYYYGXROOBROWGXOYYWGWGWXOBYWWWOGXWORBRRRYXBYBB;17
OGWOXWGRRGGYYXBOBRRWWWXWBBRGOOGXYWYWGRYOXRORBYYBOXGYBB;18
GWWGXYGWWYYYRXWYRRRGGOXYBOBROOBXORBWGBOBXGOWOYGWYXRBRB;19
YWWBXRRRROWGOXYOGYYYWOXYRWBGGOGXBRROGGGYXBBRBBOWOXWYBW;16
YYGBXRYOROWROXWYRRGYWRXYBWWGBWBXOBWOOGGBXGBROYORYXGBGW;14
YWWRXWYOGOBRYXRBWRGYRGXYBGBWROBXOROWGGGGXROOYYYWBXWOBB;17
GBGBXYRRRYWGOXOYYBYWWBXWYBRGRWGXWWGBOROOXGWYORYBGXRBOO;16
OBOWXOGWGGOYYXBBYYRBRYXRRRWWGGWXYBWOWRYOXRBOYBGRGXGOBW;17
ORORXORYGGGGGXOOWBYBRGXOYYWWBGYXGBBBWWYWXYWWBRRRBXRYOO;19
GBOBXYYBGYWRGXOYYRGRRGXOBWWWRGWXGBGWWOOWXYOYOYRRBXRBOB;16
YGWYXBRRGOOGOXBYBBYYRYXOYGRWWOWXGWBOGRGWXGBWORYBRXOBRW;19
GGWBXWGGGYYYBXYOOBRORRXBYGWWOOOXWBBOGRORXWBGBRYRYXRYWW;19
GOOGXBGGWYYYRXWBRBROGRXBYOWRWGRXGBYWWWOWXGOYYRBRYXBOOB;20
YBWRXGROROGGGXWYRRYYWRXOBBRGYOWXBWBBGRGWXWWOOYYBYXOBGO;17
GBWOXRYOWYGRYXWOWBGWGRXYYYRRGOGXBWWOGROYXOBOBRRBBXGYBW;16
GOOOXWYRWYBRYXGBBBGYGWXGYBWRRGOXBBGBWWOWXOWGYRYRRXROYO;20
YRGYXBYYGORROXGYGBGGRWXWYWBWYWBXRROBOWGBXGWOOROWRXYBBO;18
YOORXGYBWOBRWXRBWBGOGGXRYORRYGWXBWWWWYGYXOOYYRGBGXBORB;19
YGWYXBYOWORRGXWYYRGWGRXYBYWRWOBXOBBWGRGGXWOOOYORGXRBBB;20
GWWYXGYGGYRRBXOBRBGRRGXBYGWWYORXYBBBGBOOXYWWYRWRWXOOOO;20
GYWRXORRRYGGRXWYORYYWOXYBWWGBOGXOBWOGBOGXBBBOYRRYXGBWW;17
OBOOXBGOWGGYWXBBRRRWGYXGBGRRWGRXGWOBWRYWXRWOYYYBYXYOBO;19
YBGWXGYYGOOROXYOBYGBROXYRWRWWWGXBWGBORGWXGWYBBRBOXRYRO;19
OWWRXORGGGGGBXGOBRYORYXOBWWWBOWXYBYOGGYOXWBYBYRRRXBYRW;13
OOWYXRRRRGRGGXOBYYYWWBXBRBBGGORXBRGWGYYYXWOWYBWWGXOOOB;17
YGGRXWRYROGGRXYBWBYBWRXBYYBGOWOXGRRBOOGYXBWGYROWBXWOWO;18
YGGWXWROWORGRXBBWBYYGYXRYGRROWYXOWWOORGBXBBOYRYBGXBOGW;14
OOOBXYYBRGYROXRYRYGRWGXBRWBGOGOXGRWWWWYYXGOGOBRWYXBBWB;15
OWWWXBGRGGOYWXBOBBRYRYXGYORWWORXGWBBGGYYXRWYBRGBRXOYOO;15
GROGXWYGWYWRBXYOYYGOGOXYRRRRRGGXOWBBWYOBXWWWBBGBBXRYOO;20
YYOWXOGBGOOYBXYBRYRORRXBRRRWGGRXYWYOWGGOXWBGYBGBWXBOWW;18
GOOOXWRBWYGGYXBBYBYRGWXYYOBRRGBXGRGWWWOWXROYYRBWGXROOB;18
OBGOXGRGWGBGRXBYOBYOGYXRYGBRWWYXYRROORYOXGBBORYWWXWBWW;17
OYOOXRRRRGGGOXRBRBYYWBXOYGWGGGYXWBWWWBYOXBOBYRYRWXGOWB;16
OBGGXBGOWGWYGXOBRBRWGBXGYYWRYWRXBBOBORYWXYWOYRRRWXYOGO;14
YWWRXBYOGOBRYXRBORGYRGXYBOBWWOBXGRRBGGGYXRWOYYBWWXWOGO;11
OGOYXGYBGGRRRXBYOBGRRYXWYYRWYGGXWWBBWOYRXGWBOROBWXOBWO;17
YBGGXRRYROYGWXYYBBYBWOXRYOBGGWYXGRWWOOGWXROWORGWRXBBOB;20
GWOBXOGGGYYYWXYYRRRRROXYBOWWGGGXYBBOWBORXOBGOYBRWXRBWW;18
OGWRXYRRWGBGGXOYWYYWGGXORBRRROWXYWWWGRYOXYOOOBYBBXGBBB;15
YWGYXORWWOOGBXOBGYYGGGXRRWWRBWYXGBBBOBGYXYWWYBRRRXROOO;20
OYWWXYRBGGOGGXROWYYORGXRRRRWROWXGWOOGBYYXWBOBBBBBXYYGW;19
GROGXGYGRYYRBXRBRBGOWBXBYBRGWGOXYWGWWYOOXYOWYRWBWXROOB;17
OWGWXGGORGRYYXOOBBRYWGXWYRRGYWGXOWOOOBYBXRBBBRGBRXWYYW;19
YBORXGYWWOBROXYYGRGGGOXRBBRRYGYXWWOOWOGRXGBBOYYBRXWBWW;17
OBGWXGROWGRGRXBORRYYGWXOBRRRWWWXBWGBOOYYXGWGBYBBYXOYYO;17
ORWRXWRYWGGGGXYBBBYBGRXWYGWROOBXOBOBGWYBXYWOYRWRRXYOGO;20
OWWBXOGYRGYYWXRBRYRGWBXGROBGGORXBRRBGGYWXOWYYBBWYXWOOO;17
OYWOXWYOGGGROXRYWRGYRBXRBRBWOOYXGRRWGBYWXBOGOYGWBXWBYB;16
YOORXGYRWOBROXGBBRGYGWXYBBBRYGBXWRGWWWGRXGOYYYWWOXROOB;16
OOWGXYYBRGWRGXWYBRGOWRXOBBWGROWXBBGBGYYWXYWOOYYRRXRBGO;14
YWWYXBRBGORGOXWOYBYRROXBYYBWYOOXRRROGGGGXGBBBROWGXWYWW;13
GOWBXOYWWYWRBXRBBBGGGGXRYGBRBOYXWROOGWORXYBOYRYWRXYOGW;13
GWWBXWRYRYWGRXGBBBYBWYXGYWWGOOOXRBRWGGOGXBOYYRRROXYOOB;20
YYGRXYYOGOGRBXWOWRGYROXRBORWRWWXRWBBOGGBXWWBBYGBGXOYYO;20
GWWRXBRYGYGGBXWOOBYGROXGYWWWYOOXOBROGGOBXWBRBRRRYXYYBW;18
OBOOXYYWWGGRYXRYYYGBGGXWRWRROGGXWWYOWOYRXRBROBOBBXGBBW;17
YGOBXYRWROWGWXROYRYGWBXGBWWGRGOXOBOOWRGBXOBBBYRRGXYYYW;12
YWWRXWYBGOBRBXOBRYGORGXWRRWWOOBXGBOWGGGYXYOYYBGRWXYORB;16
YYORXRGWWOGYYXWYRYRGGOXGROBRBGOXWRWOWBGRXOBGOBBWYXBBYW;17
YGOBXYRWROYGWXGBBYYBWYXGRWWGRGOXGBBWWRGWXOOYYBRROXROOB;20
YYOBXWGGWOYYWXYBBBROGRXBYRRRRGOXYWWOWGGOXOBBYRGBRXGOWW;20
GBGRXORRRYGGWXGOOYYWWWXRRBWGGWYXBBBWOOOWXOOGBBYRYXRYYB;20
OOGRXWGWWGBYGXBBWBRGGYXOYRWRRWWXOBROOYYBXYBOYRGRBXYOGW;20
ORGYXORWRGOGGXOYGYYGWGXRRRWGBWYXBBYBOWYWXYWWOBBRRXBBOO;18
GOORXRRWWYGGOXBOORYGGWXGBWWRBGOXGBYWWWOYXBOYBYRRYXBYRB;20
OYOBXORRWGYGWXYBWYYYGOXGRRRRBGRXGWRWWGYWXOOOYBBBBXWOGB;20
YWWGXWGGWOYYWXGYRRROGWXYBOBROOBXRRBBGBGGXRWYOYBWYXRBOO;20
YGGYXGRRGOOGYXBBGBYWRYXWYORWWWBXRWOWORGBXROGYRBBOXWOYB;18
OOGGXOYRRGWRRXOYBBGWWGXYYYWGBWBXBBYBOYYWXGWWORRRRXGBOO;20
GBOYXOYYRYRRWXWBBYGGWRXWRGWGGGBXRBYBWROGXOWYYBWROXBOOO;20
GOOWXBRWWYRGYXGBBBYGGYXGYYRRYGOXBWBBWWOWXRWRYROBOXROGO;20
GGWRXORYGYBGOXGOOBYBRYXOYWBWBOWXGRROGROWXGBBBRRWYXYYWW;12
YRORXGYOGOBROXRYWRGYRGXRBBBWYGYXGRBBWWGWXGWWOYYWBXOBOO;20
OOWOXWGOWGBYGXOOBBRWGGXGYYRRRORXBWYOGYYYXWBBBRRBRXGYWW;20
GOWRXBGRRYGYOXYYWYRWWRXORGWGYOWXGBBOGYOYXBBOOBWRBXRBGW;18
YGOYXWRRGOOGBXRBRBYYRBXBYGWWOGOXGBGWWRGWXYOBYRYRWXOOWB;14
GOWWXGYRWYRRBXOYGRGYGGXOBBWRYOYXGBBWGWOWXWOOOYYRRXRBBB;17
OOWWXGRORGRGRXBYBBYWWYXWYBBGYOGXORGOGYYBXGBYORWWRXOBRW;20
YWWBXGGBROYYWXYBBYRRWRXGRBBGYOOXYRGOGGGOXOBWYBWWOXRORW;19
YYOWXOROGORGRXBYWBYWRWXOYBWWGGYXYBBWWGGRXGOOORYRGXRBBB;20
OOWOXRRRRGGGGXWYYBYYWRXYYRRGBOGXBWBBGWYWXWWYORGBBXOBOO;20
YGGYXYRWROOGOXWYYRYBWOXWBBWGRWGXOBBOORGBXGBWOYYRGXRBRW;20
YBOWXOGWGOOYGXGYBBRBRWXRYBRWGGWXYWGWWRGOXYOYORYBOXRBRB;20
GWOGXWGWWYYYYXYYGRRBGOXGBBRROGRXRWBOWGOBXRBWOYYBOXOBRW;18
OBGBXRRRRGYGGXOBWBYYWGXRYGRGGWWXYWBOOOYOXYBWYRWBBXROOW;17
OYWRXORGRGGGBXBORBYOWYXWYWRGBOGXYWOOGGYOXWBRBRRBYXWYBW;19
YBGYXYYWWOORBXBBORGGGWXGBRBRRWOXORROORGBXYBGYYGWWXWOYW;18
YYOYXWGGWOOYWXBBWBROGWXBYYBRRGRXORGOWBGBXOBGYRRWGXROYW;16
GWOBXYYGGYYRRXROOBGORGXWYOBWRGGXWRYWWBOOXBOWBRBWYXGYRB;15
YBGYXGROGOOGOXWYGRYWRRXRBOWWYWYXGBYOORGWXGBBOYBRRXBBWW;12
GRWRXYGYWYBYYXBBWYRBGWXGRGWROORXOBBBGWOGXRWWYBYRGXOOOO;15
GWOWXRGBRYOYYXOOYBRRWGXBYGRGGGOXWWRBWBORXOWBBRWBGXYYYO;15
YBGYXGYBROOROXRORYGRWGXWRBBGYWGXWRYBOOGRXGWWBBWWYXBYOO;20
OOOYXWRBWGOGYXOBWRYRGGXGBBRRRGRXOWWOWWYBXRBGYYYBBXGOYW;16
YOWYXBYBWORRGXOBWYGOGGXBRBBRYORXWROOGYGRXYBRYBWWGXWOGW;17
YYWYXWGOWORYGXBOBBRWGWXGYORRRORXYWYBGGGOXWWOBRBBRXBYGO;14
YRWYXGYBWOORGXBYOBGOGYXGYWWRYORXBBBBGYGWXWWOORRRWXRBGO;20
GOOOXYYYRYBRGXYORRGBWOXGBRWGRGOXGBWWWWOWXYORBYGRWXBYBB;14
GGWWXBRBRYRGWXGOORYRWYXWBBRGWOGXOWBBGROGXOWYBYYBYXOYRO;20
YROBXOROROYGBXWYBBYYWRXBYRBGGGRXWRYWWYGOXWOGORGWOXGBWB;18
GGWWXBRRRYRGWXROYRYYWBXWBYRGWOGXOWBBGROGXOWBBYOBGXOYYO;20
YGGBXORRGOYGOXWOOYYYROXYRWWWBWGXBBBOORGWXGBGBBRRYXRYWW;19
YBOYXBYOGORRGXROYYGYRGXRRWWWWGWXOBBBWOGGXWWBBBORGXRYYO;20
OROBXWYYWGYROXRBWYGGGGXBRGBRRGRXOROBWYYGXBWWYBWWBXYOOO;17
YWWYXBYYGOORWXWOGRGGRRXBBBWWWOOXYBBBGGGRXOWRBYYROXRYGO;17
GWOYXOYYWYRRRXRBWRGGGBXOBOBRGGYXBROOWBOYXGBWYYBWGXWORW;17
YGWGXBRRGOWGYXWYRBYYROXWYGWWYOBXOBGOGRGBXOBRORYRWXOBBW;18
YBWOXWRRGOBGBXYORBYYROXWYGWWOOBXOBGWGRGGXYOGBRYRWXRYWB;15
YYOBXOGOWOWYOXBOOYRWGYXGRYBRGGRXWRBBWGGRXBWGBBRWYXRYWO;20
GRWRXOGGWYBYBXGOORRRGWXYBWBRBOBXORROGWOGXWBGBYOWYXYYYW;15
GOOWXRRBRYRGYXGBBRYRWYXGBBRGGGOXYWWOWWOOXRBBYYYBOXGOWW;20
OBORXBRBGGGGOXWORRYRROXRBYRWYGWXGWWOWOYYXGBBBYOBYXGYWW;19
GWWGXWGYRYYYWXBOORRBWWXGBOWGROOXRBBBGGOGXOWYBYBRYXRYRO;19
OYOYXYGGRGRYWXWOYRRRWRXGBBBGOGOXRRWWWBYBXOOOBYWWGXGYBB;17
YBOBXBRBGOWGRXOORRYRRGXRBYRWYGWXGWYBWOGWXGWWBYOBYXGYOO;20
YGWYXGYBGOORBXWBBBGOROXRYGWWWOYXBBRBGRGWXYWOYRYRRXWOGO;20
GOWYXBGBRYOYGXYOGYRRWRXRRBBGYOWXRRBWGWOGXYOGBBWWOXOYWB;20
GBOBXGYRRYYRRXRBWBGWWGXGYYRGYGOXGWOOWOOWXBBYYRRBBXWOOW;20
OWOWXRRRRGRGOXGBBYYYWYXWRWBGBGGXRRYWWBYGXGOYYBOWOXBOOB;17
GGWGXBGRRYYYBXYOBYRWWOXORORGWOWXOWWBGROGXYWYBBBBRXGYRO;18
OYOGXBGGGGWYWXOYORRRRBXRBBBWWGYXORRWWGYGXOOROYYWYXWBBB;19
YYOYXBYWWOOROXRYGBGGGGXOYYRRYGWXWWBOWGGRXBBBORRBOXRBWW;20
OYOWXOGGWGOYGXWOOBROGRXGYYWRBGRXBBYBWBYWXWWRBRRRYXGYBO;13
GOGOXOGWGYGYGXROORRBRBXYBGBWBWBXRRROOWOGXYBYBYWWYXWYRW;15
GGWRXWYRRYBRRXGBBYGYWWXYRBRGROGXYWOOGOOOXGBBYBYBOXWOWW;18
YYWOXYYOROBROXGOGBGYWWXWYWRGROBXWWYWGBGOXGORBRRBRXGYBB;14
OYGRXGRGGGGGWXBOYRYORWXBBYBWWWRXWRBBOBYRXOWYBYOWGXOYRO;19
GRGOXRGRGYGYOXRBYYRYRBXYRGRWGWGXBWOBOWOWXBWWYBWBBXYOOO;19
YBOBXYGWWOWYOXBBBBRGGYXRYWBROGYXGRGOWRGYXGBWYROWOXRORW;13
GOGWXBRRRYRGRXGYWYYYWYXWROWGYWGXOBOBOWOBXGWROBGRBXYBBO;14
YRORXGYBROBRBXROOYGOWGXGRWWGYGOXWBWWWYGOXWOBBBRRYXGYYB;20
YOORXYRBGOGGOXWYBRYRROXYBBBWRGGXGRRWWYGWXGOBOYWWOXWBYB;19
GWWWXBRRRYOGBXOBGBYWWBXRYGWGWOYXOBBWGGOGXYOYYRYRRXROOB;20
OOGOXGYRGGGRRXYYGYGWRRXORBRWYWWXOWYOOYYBXBBGOBWBRXBBWW;20
YOOYXRRYGOOGOXOOWRYBRGXRBGBWGGYXRRWOWWGBXBBWBYYWBXGYRW;13
GBGRXRRRRYGGWXBOYBYWWYXWYYRGBWGXBWROOOOWXOBOBROBGXYYGW;15
GRGYXOYBGYRRWXRBWYGORGXWRRBWGWGXGRYBOWOYXOWYYBBWBXBOOO;19
YROWXOGBWOOYGXBORRRRGYXGBYBRBGRXGRWOWWGYXWBOBYOWYXBYGW;13
YWWYXOYOGORRBXRBRBGYRBXWYRWWBOBXGBOOGGGYXYBOYRGRWXWOGW;17
OBOWXORRGGOGRXGORRYWRYXOBBRWGGYXRWWBWOYBXGWGBYYBYXBYWO;20
GOWGXORWRYWGOXGOOYYBWYXBRWBGGORXRRRBGYOGXBWBBBRWWXYYYO;17
GOGBXGRRWYYGYXGYBBYYGWXGYOWRYWRXBBROOWOWXOBRORGROXWBBW;20
OWGYXOYWRGRRYXWYBYGGWRXYRWWGGWGXBBGWOBYYXOOROBOROXRBBB;19
GYOOXOGRRYBYRXBBOBRWWYXBYYBGGGRXBRWOWGOWXGBWYRRWYXGOOW;20
YWOYXORRWOOGGXGYYYYYGYXORORRBGWXRWROWBGGXWBROBGBBXWBBW;20
YYGGXRRWWOWGOXWOBBYBGRXRYGBRGWYXWRGWOBGOXBOYBRYWRXOYOB;16
YBORXWRBWOGGOXBYWBYOGYXRYYBROGYXGRRWWRGWXGOGOROWBXWBYB;18
YOOYXOGRROOYOXRYWRRWWBXRBBBGBGYXRRYOWWGGXGBGOYYWBXGBWW;20
GWWRXBRRGYGGWXGYORYWRYXBBBRWWOOXRWRBGGOBXOWOOYYBYXYBGO;17
GRWBXGRWWYYGRXOBBBYGGGXGYBRRYORXWWOWGYOOXBOWYRWBOXYORB;18
GYOGXRRRWYWGWXGBBYYYGYXGRBBRGGOXRROOWBOBXRBWYBWWOXYOOW;17
YWWGXBRBROYGYXWBBRYRWOXOBOBGYOYXRRROGGGGXRBBYYGWOXWOWW;18
YGOBXWRGWOYGOXRBYRYOGBXRBBRRRGYXGWOOWRGWXBBYYYWBGXWOOW;19
OOGOXYRBRGGGRXBYWBYOWYXWYGWGRWBXWBBBOYYRXGWWORYRGXRBOO;20
OOOWXGYRRGORBXRBBRGWWBXGBGBGYGOXBRGWWYYYXWOYYYWWOXRORB;13
YOORXGRWWOGGBXOBBBYGGGXRYYRRYGYXRWROWWGBXYBBYROBOXWOWW;19
OBGOXBYYGGGRYXGBGBGGRWXRYWBWYWWXOROOORYBXRBBYROWRXYOWW;20
OYGGXBYGWGWRYXOBOBGOGBXRYRRRYWWXRWROOGYBXOBBYRGBWXYOWW;16
OBWGXRGWGGYYWXYBGYRGRRXWROWWBOBXYBYBGOYOXOWWYBGRRXBORO;20
OYOWXWGBWGOYGXOBRRRRGBXWBOWRRGGXBBGBWBYWXYWYYYGRYXROOO;19
OOGRXRYGRGBRYXWBORGOWRXWBGWGGWBXBBBBOYYYXRWGYYWRWXOOYO;13
YRWWXYYYWOORBXRBBBGGGGXGYGWRROOXYBBOGWGOXYBBYRWROXROWW;18
YRGOXWYWWOBRBXOBBBGGGGXYYRRRRWGXBWOOOYGYXWBYYRGBRXWOOW;18
YRGRXGRRGOGGOXYBWYYYROXBRWBWYWRXORYWOWGBXGOGYBOWBXBOWB;16
OOGOXBGWRGGYRXRBRRRGWBXOBBWGWWWXYBBBOYYRXGWGYYYRWXOOYO;17
OBGBXWGGRGYYBXYOYYRRWRXGRYBGRWOXGROWOOYWXWORBBOWGXWYBB;18
YYWOXYGWROGYRXGBBBRBWYXWYYBGOOGXRRRBGBGBXGWWYRRWOXWOOO;19
GROBXGYWGYYROXOOOBGBRGXBYGBWWGRXRRRWWWOGXBOWBRYWYXYYOB;18
OGOBXGRRGGYGWXOOBBYYRGXBYYBWYGRXGRWWWRYWXROWBROWOXBYOB;20
OGOOXYGRRGGYOXROYRRWWBXWBWWGOGBXGBYWWRYWXBOYBYORGXBYRB;20
GYOGXOGGWYWYWXBOYYRRGWXORWWRBGYXOBRWWGOGXOORBBRRBXYYBB;19
YBGRXGRGGOGGBXWOYBYOROXRYBBWWWYXYRRWOOGOXYORBRWWGXWYBB;20
YYGGXRRRROWGBXOBWBYWWBXRYYBGBWYXWRGWOGGOXYOOYROWBXROGB;19
OOOOXYYYGGGRRXWBYYGGRRXWROWWRGBXRBOBWYYGXBWGYBBRBXWOWO;20
OOORXYRYGGGGYXOBBYYGRGXBRWWWOGRXGBYWWWYWXROBYBRROXBOWB;18
OWWBXWYOWGYRGXOORBGYGBXRYBBROOYXORGWGGYGXYORBRWWWXRYBB;16
OOGBXRGBRGWYBXOBYRRRWGXWBOBGGWGXYROOOYYRXYBWYYBWGXWORW;17
YOGBXOYGGOYRYXYORYGRROXYRBWWGWGXGBBWOWGWXROOBBWRWXRYBB;19
OOOOXYGYRGGYBXROBRRGWBXWBBBGOGGXRRRWWWYGXWOWBYYWOXYYRB;17
YWWYXWROWORGYXRBYBYWGGXBYBBRROOXBRBWGGGYXOOOYRWWGXROGB;15
OOGRXWYGGGBRWXROYRGORGXRBBBWOWYXBRWBOYYWXRWOBYYWGXGYBO;19
YGWBXYROWOYGGXRBYYYWGBXGRWRRROOXYWWWGRGOXWOOYBRBGXBOBB;17
GGWWXBRORYRGWXGBBBYYWYXRYBWGYOYXOBBOGROGXOBGYRWROXROWW;13
YGWOXWYOROBRGXWBWBGYWRXWYYWGOOBXRBYBGRGBXYWOYRRRGXBOGO;13
OWWRXYRRRGGGOXROYRYWWBXGBWWGROOXBBYBGGYWXBWYBYORGXBYOO;18
YYGWXYYYRORRRXOYBBGBWGXOYORGRWWXBWWBOGGWXGWYORBBRXGBOO;12
YWGYXBRRWOOGOXGYGRYYGWXBBGBRYWOXRRRBOBGBXGWWOYYWRXWBOO;18
GGWWXBRRGYOGBXOBYRYYRBXWBWBWWOGXORBWGROGXYOYYYRWGXROOB;15
YOOYXGGWWOOYBXOBBBRGGBXRYBBRYGYXWRGWWWGRXYOOYRWWRXROGB;20
YROBXWYOWOYROXGBBYGWGYXBRYBRRGRXBRGBWYGWXGWGYBOWOXROWO;18
OOGWXYYORGRRGXRBBBGWWGXWYGWGRWBXBBGWOYYYXYORYRWROXOOBB;18
GGGBXRYYRYYROXWOWBGGWRXRYWBGGWYXYRWOOOOOXBBRBROWBXGYBW;19
GYGWXGYBGYORGXOYWYGRRGXRRRRWYWWXYWOOOBORXWBOOBGBBXYBBW;20
YYGOXRGRROBYBXRBGRRWWBXOBBBGGWYXYRWBOGGRXWWWYYYWOXGOOO;20
GYWBXWGWGYYYGXOYOYRBRGXBRRWWRORXYBRBGGOOXWWOOBGRWXYBBO;15
GWWWXWYYRYRROXGYBBGBWYXGYOBGOORXYROOGGORXBBBORGWRXYBWW;18
OOGRXWRORGGGBXROYRYWWBXWBOWGRWGXOBYOOYYBXWBYBYGRGXBYRW;16
OYWBXGYGRGWROXBBOBGRWYXBYWWGWOOXYBOWGGYRXGORYRRRYXWOBB;20
YBOYXWRYWORGRXYBORYBGOXGBGRRRGRXGWWWWOGWXBOOYYYBWXBOGB;19
ORWOXOGWRGGYGXBYBBRBWYXOYGWGBOWXYBROGWYOXYBRORWRRXYBGW;14
OGGWXBYRRGORRXBYGBGWWYXRYOBGWWYXYRWBOOYOXBWGORBWRXGBYO;14
OOWWXRRYRGOGGXGYWBYBWWXGYYBGBOOXWRGWGYYRXYOOORRWBXRBBB;19
YYOYXWGWWOOYWXOYRRRBGBXWBBRRRGGXRWGBWGGBXOWROYYBYXOBGO;18
OBOWXOYRGGORRXWOYRGYRRXYBYWWGGGXGBBWWOYWXGOBBYORBXRYWB;19
GBOBXWRGWYYGRXGOORYOGYXOBRRRRGYXGWWWWOOWXBOYBYGBWXBYRB;20
YOOWXYGBRORYRXYOGBROWRXGYBBGOGRXGRYWWWGWXBOBBRWWOXGYYB;20
YOWBXRGGROYYOXYORBRRWOXWYYWGBOGXBBYBGWGWXBWOBRRRWXGYGO;19
GBORXGROGYGGOXBOWYYWRYXGRYBWYGOXYRRWWRORXBOBBBOWGXWYWB;19
OYWRXRRGRGBGGXYYOBYOWOXRYYRGGOWXBWBBGBYWXWWGORRBWXOBYO;20
OOGGXWYYWGWRRXOBBBGBGGXRYGRRRWYXBWGBOYYWXBWWYRYBOXROOO;18
YRGOXGYRROBROXYOWRGWWOXYBGWGYWBXWBGWOYGOXGORBYWRBXRYBB;16
YOOYXBRGWORGGXGOGYYOGYXRRORRWGWXRWOBWWGBXWWBBBBBRXYYYO;18
OGGOXWRORGBGOXGORYYYWYXBRBBGOWRXYRWWORYRXGOBBBWWWXGYYB;15
ORWOXWGWWGGYOXBOYBRGGYXGYYWROORXBBRWGWYWXBORBRORGXYYBB;20
OYOOXOGRGGBYGXGBGYRYRWXORWRWGGYXRWOOWBYBXYBBYBRBRXWOWW;17
OOWGXWGGGGWYWXBBBRRRRWXYBYBWOOGXRRYBGYYBXRWOYYRWOXBOGO;19
OOGBXWRBWGYGYXOBORYRGGXGBOBRRWRXBRWBOYYWXRWGYYBWWXGOYO;14
YBOWXBRRROOGBXYBRYYYWOXWROWGWGGXGBBBWOGYXYWRYBGRWXROGO;13
YYGWXYRYRORGYXGBBYYGWWXGRRRGOWRXBWGOOBGWXRBWYBBBOXOOOW;14
YBOWXWYOWOORYXROYYGYGGXGRRRRRGOXBWWOWOGYXRBBBBBBGXGYWW;20
YYWGXYRRROWGRXROORYWWBXGBBWGROOXGBBBGBGYXGWWBYWRYXOYOO;19
YYGRXRYOROBRYXWBORGYWRXWBBRGGWGXBWBBOGGWXRWOYYYBWXOOGO;20
GRWBXBGWWYWYYXRBGRRGGBXYBOWRYOGXOBOOGWOGXOBYYYBRRXWORW;20
YGORXORYGOBGWXGYRBYBRYXBYWWWGGOXBBOBWRGWXOWGORRRYXYBWO;14
YOGRXWGYROGYOXBORRRGWWXWBOWGRWGXRBOOOYGBXGBBBYBRYXWYYW;18
GBGGXRGWRYYYWXYORBRGWOXBYYWGGWOXOBYOOROGXOBBBRRRWXBYWW;20
YOWBXRYRROYRBXYOGYGWWRXWRORGBOGXGWBBGYGYXWWWBBGBRXOYOO;20
OBGWXGGGRGRYYXOOOYRRWGXWRGWGYWBXRBYBOOYBXRWWBBWRYXBYOO;18
OWGOXYGGGGBYGXRBBBRORGXYYWBWRWGXBRROOBYYXWBYYROWRXWOOW;12
ORGWXBRRRGOGGXOBWBYYWGXGYRRGYWRXOWWOOWYBXYBYYRBBBXGOOW;20
GROWXOYWGYORGXRBGBGBRBXYYGRWGGBXOWRBWWOBXYWYYRWBRXYOOO;12
YOGYXYRGWOOGRXRYYYYOGBXYRBWRRWGXGBBBOWGWXGWWOBWRBXOBRO;20
YBWGXWYGGOWRBXRBRYGORGXBRBBWRORXGROOGOGYXYBYYBWWYXWOOW;20
OWWOXYGOWGBYGXRYRRRWGBXGBGWROORXOBRBGBYGXYWBOYWRYXWBYO;17
OBOWXOGGGGOYWXYOYRRRROXWBYWWGGBXGBYWWOYWXRORBYRRGXBYBB;20
YOOBXYYYGOYROXWBRBGGROXBYRWWRGOXGBWWWYGWXGORYRGRWXBOBB;17
OBWGXRGWRGWYWXGORRRBWYXGBWWGGOOXYBBWGOYOXOOBBYRRYXRYYB;17
GYORXBYWGYBROXRBBBGGRGXWYWWWYGBXYBOOWGOOXGBYYRRROXWORW;20
OWOOXYYYRGGRWXBBOBGGWYXWYYRGOGGXRWBBWBYGXRWRYRRBWXOOBO;19
OBGOXYYYGGGRRXGORYGGRWXORBBWRWWXYRGOOOYOXBBBBBWWWXRYYW;15
YGGBXYYWGOYROXROWBGBRGXBYWWWRWRXYBROOOGOXBBGBRORGXWYYW;14
GOOGXBRBWYWGOXGOORYRGYXGBBRRWGRXWWRBWWORXBWOBYYBYXYYGO;20
YBGRXYRRROGGOXBBOBYWWWXYYYBGRWGXORWOORGBXGBBYROWWXGOYW;17
YWGWXRRRRORGOXRBYRYYWGXYBWRGBWBXOWWBOGGBXGWYYYOBGXBOOO;20
YOWYXRYORORRBXGOWYGWWYXBRRBGBOOXORRWGYGGXWOBBBGWGXWYYB;14
GGGOXYRWGYGGOXWOORYGROXYBBRWRWBXRWYWOROBXBOWBYWBYXGYRB;19
YYOBXRGOROWYOXRYRRRYWBXBBGWGGGOXWBYBWGGRXGWWOYWRYXBBOO;20
OOOOXBGYGGGYGXGBRRRBRWXGBOWWWGRXYBBWWWYRXYOYYYBRWXROOB;18
GOOBXRRRRYWGRXYOYYYWWOXBRGRGGGOXYWWBWWORXBWOBBYBBXGYGO;18
OWWOXOYRRGGRRXGYYRGWWWXOBGRGBOWXYWGWGBYRXBOYOYYBBXRBOB;15
OOGGXBGGGGWYWXRYYRRORGXRBBWWWWYXOBOOOYYBXRBROYYRGXWBBW;16
GGGYXRYWWYRRBXWYOYGBGRXORORRGWYXGWWBOOOYXYWROBBBWXGBBO;17
GOORXRGRGYGYYXBYRRRWRYXWBGBWBGBXORWWWWOBXOOOOYYWYXGBGB;20
OOWYXRGBGGOYBXBBGBRORWXWYWWWGOGXGBBWGWYYXYOYYRRROXRORB;15
YYGRXWRWWOGGBXWBBBYGGOXGYYRRRWOXGWBOOBGYXWBYYRRBRXOOOW;20
OBWGXRYYRGWRYXRORRGGWBXOBYRGGOWXBWYBGOYWXRWOBYOBWXBYGO;13
GGWRXYYYRYBRRXGYWBGBWWXYYWBGROGXYRRWGOOOXGOOOROWBXWBBB;20
GRGGXBGWWYYYBXOOORRGGBXGBYWRYWOXRBGWOWOBXWOWBYRRYXRYOB;18
YOGYXRRRRORGOXBOYRYWWWXWBORGBWGXBWOOOYGYXBBRBYGBGXWYGW;15
YYWRXYGBROGYOXWBRRRRWOXWBOWGOOBXBBWOGGGYXGBWYYBRYXGORW;14
GWWBXYGRRYWYOXYOBYRWWOXGRWRGRORXOWYWGGOGXBOGBBOBRXBYYB;17
OBOOXYRRGGGGRXBYYRYYRWXBBBBWOGRXGROOWOYWXGBWOYYWGXWBRW;20
OOOOXWRYWGGGWXRYRRYBGGXBBBBROGRXORWOWYYBXRBGOYWWYXGBYW;20
GOWRXOYYRYBRGXWOBRGGWRXWBBRGGOBXRWOBGYOGXWWYBYYBOXWYRO;14
YYWYXYGRWOOYOXROWBRWGGXOYBWRROWXBBGOGGGYXBBRBRWRGXOYBW;11
YWGYXRGBROOYOXROORROWBXYBYBGGWBXGRROOBGWXGBGBYRWWXWYYW;18
YROWXGYBRORRWXGBYYGOWWXGRRWGYGOXRBOOWYGGXOBBYBBRBXYOWW;16
OWOBXOYYGGYRYXWBBRGGRRXBBWBWGGRXGROOWBYWXRBRYYOWOXYOGW;16
GOORXOYORYBRYXOBWYGYWBXYRRRGGGBXGWWWWWOYXROWYBGBGXBORB;18
YWWRXBRWROGGOXOBRBYBWBXOYGWGYOWXYBBWGGGRXGOYYRYRWXROOB;16
GBOWXOYRRYORYXRBYBGWWGXYYORGBGBXYWWOWRORXOBBYRGBGXGOWW;17
OWWRXWRRGGGGGXBYGBYWRWXBYYBWOOOXRRYBGGYBXYWYORRWOXBBOO;17
GBOWXOYYGYORGXRBWBGGRGXBYYBWGGRXYRYOWOOOXWBWYRRWBXBORW;17
OOWYXGYRWGRRRXRBBRGWGGXWBGWRYOBXOBYBGWYGXBWYYYWROXBOOO;19
YWOYXWGRGOOYGXBYWBRYRYXGYWWWOGOXRBBBWGGGXYWRORRRBXOBBO;18
YOWYXWGWWORYRXROYYRGGBXWRBWRROBXOBBBGYGGXGWWBBYRGXOYOO;20
GGGRXYYYRYBRYXBBYBGGWWXBYGWGOWOXWBGOOROOXRBWYRWRBXOORW;16
YYWRXRRRROBGYXGYBYYYWWXORBBGGOWXBRGOGGGYXOBWOBWWOXOBRW;20
OYGBXGGOWGWYGXOBRBRWGGXRYYRRWWYXRWGOOBYBXYBOYROBWXROBW;17
OOOBXORRGGWGWXROGRYYRBXBBWWWGGOXGBYBWYYWXOWGBYRRRXBYYO;19
YWWOXBYOGOGRWXROBBGYRGXYYWWWWOGXBBRWGGGYXOOOBRRRRXYYBB;20
GRORXYRRWYBGOXGOGBYYGYXYYRRROGBXGWWOWWOWXBBWBRGBOXBYOW;20
GGGBXYYYGYYRBXRORBGGRGXOYGRWRWYXOWOBOOOBXWWRBRWBWXWYBO;18
YWORXGRBGOGGOXYYRRYRROXBBWWWYGOXGBYBWBGWXGWWOYRRYXBBOO;20
YOOYXRYRWOOROXROWRGWGGXYBOWRBGBXBBYBWWGWXGWYBYBRGXGYRO;15
YYWBXYGRGOYYRXWYBYRYRRXORRRWOOWXOWWWGGGGXGOBOBBBOXGBWB;20
YROYXGYBGORRBXYBOYGOROXBROBWWGRXBRYBWWGWXYWRYBGWWXGOGO;20
OBORXYRRGGGGRXOOYYYYRGXORBBWOGWXGRROWOYWXBBBBBWWGXWYYW;20
OYGOXBRWWGGGRXOBRBYGGBXRYGWRWWYXYBOOOBYOXGBRYRYRWXWOBW;10
OGGWXRGRRGOYBXGBRRRWWWXWBOWGBWBXYBGWORYOXYOGYYBRYXOOYB;16
GWOYXOYWRYORGXROGBGGWBXRYWRGGGWXOWYOWBOBXYBYBROBRXBYRW;18
GYGGXWRBWYWGYXOBRRYRGBXOBRRRRWWXOWYOOGOGXOBBYYGBYXBOWW;18
YRWOXWYYWOGROXGYOYGGGWXRRRRROOWXBWYBGYGWXBWROBGBYXBBBO;19
YGGRXYGWWOBYGXWYRBRBGRXYYWWROWBXOBYWORGGXWOOORORYXGBBB;12
OWWYXWYBWGRRGXWBBYGRGRXWRBBROOGXRRGBGBYGXYWYYBYWOXOOOO;20
YBOBXYGGGOWYOXWYWRRRRRXBBYBWOGOXGRYBWRGYXGWWOYRWGXBBOO;17
OWGWXRRGWGRGYXOBYYYRGBXORORRBWYXGWOOOGYYXRBBYBGBBXWOWW;20
OWWGXWYYGGWRYXRBBYGGRGXORWWWOOYXRBYOGBYBXRBOYBRROXBOGW;17
YWOYXGRORORGOXRYBYYYWGXORBWGYGWXGBBBWBGWXGWWOBYRRXOBRO;11
YROYXOYWWORRWXRBBRGGGGXYBBWRGGGXRBOBWWGBXOWBYYYROXYOWO;19
OBGBXRRWWGYGYXGOWBYGGYXGYYBRBWOXWRRWOOYOXRORBROWBXWYGB;19
YWOYXOGGGOOYWXBOYYRRRWXBROWWBGRXYBROWGGRXOBBBBGRGXWYYW;20
YYGGXWROROWGOXYBRYYWWOXGRRRGRWOXRWWWOBGGXBOGYBBBYXBOYB;20
YYWBXRGRROWYOXBOWRRYWYXOBYWGGOWXOBBWGGGGXBOWBYORGXRYRB;17
ORGOXYGGGGBYGXOOWBRRRGXYYYBWOWGXRRYBOWYBXWWWBRRWBXBYOO;17
GOGYXWYGRYRROXWOYYGRWRXBRBBGOWRXBRGOOYOYXBBGBBWWGXOYWW;20
YOOGXGGBWOWYOXWYGRRRGRXWBYWRYGBXYBYWWWGOXGOOOYRRRXBBBB;20
GBOWXOYWWYORRXYYWBGGGRXYYRBRGGGXYRRWWOOOXBOBORGWBXWBYB;17
YOWBXGYWWOYRRXBBRRGGGWXBBWWRYORXOBOWGWGGXGOOYYRRYXYOBB;19
OOOOXWYRWGBRGXRYRRGYGBXWBRWROGBXGBYOWYYWXYBOOYGRWXBBGW;17
YGGOXRRWWOBGOXGORRYGGYXWBYBRBWBXBROOORGYXGBWBYOWYXWYRW;19
GRWGXRGGWYWYBXRBBRROGBXYBBRRGOGXYWOOGWORXWBYYYYBOXWOOW;18
GOOBXORYRYWGRXGBBBYBWYXWYWWGGGGXRBOOWYOGXBBYYRRROXWORW;19
GWWBXRRRGYYGYXWYGRYYRRXWBGWWBOBXOBOBGGOBXOWOOYYRRXWBGO;20
GRWBXOYYGYYRGXWBGYGGROXGRWWWBORXBBBBGYOWXWWYYBRROXROOO;18
GOGWXYRRGYOGGXRYYRYWRBXGBBRWRWOXRWBBOYOGXWWBOYYBGXOBWO;14
OYGOXWYYWGGROXGBWBGGGWXBYYBRRWRXYROOOBYOXBBRYRRWBXWOGW;20
GBOBXOGWWYYYGXRBRRRGGBXRBWRRGGYXYWGOWOOOXYBBYYOBWXROWW;18
YBWYXOYOWORRBXGBBYGYGWXGRWBRGORXGRROGRGYXYBBYBOWOXWOWW;20
YRGYXORRGOOGGXROYYYWRBXBRRRWGWOXWWYBOYGOXWWBBBGBGXBYWO;16
OBOWXYGGGGOYOXWYRRRRRRXYBGRWOGBXBWBOWOYWXGBGOYYBYXRBWW;19
GYORXOYYRYBRYXWBBRGGWRXOBGWGGGYXRBOOWBOGXRBBYYWROXWOWW;16
YBWBXYYOWOYRGXRBRRGWGGXYBOWROOGXOBWWGRGGXWOYYYBRWXBORB;13
OBGRXWRGWGGGBXGBBBYOGWXRYYBRRWYXBRYBORYWXYWWYROWOXGOOO;20
OOGWXRGWWGRYOXBBWBRGGYXGYYWRBWRXOBYBOYYGXBWWYRRRBXGOOO;20
YWWRXBROGOGGYXOYWBYYRBXRYORWYOWXGWOOGGGYXRBRORGBBXWBBW;20
YGOWXORRGOOGBXGOOYYYRYXBROBWGGRXWRYOWRGRXWBGBBBWYXBYWW;19
YWWRXWRWGOBGBXGOOYYBRYXBRWWWOOOXRBROGGGGXYBOBBRRYXYYGW;20
GGWOXYYRRYBRBXGBYYGWWWXORGWGROWXYBBOGOOOXWBRYBYRBXROGW;20
YGOOXWYRWOBRYXBOGRGYGWXYBRRROGGXWWWBWOGRXOWBBYBBRXGYYO;20
YGGRXYRWGOGGWXBOBYYGRWXRROWWOWYXGBRBOOGYXOWBBBBRRXWYYO;15
YYWOXWGOGOBYRXBOWBRYRWXRYYWWOOWXBBGBGGGYXGWRBRRRGXOYBO;18
GRWWXRGWWYOYRXBOOBRGGWXBYGBRGOOXORROGYOGXBBBBRYWYXWYYW;18
YYGOXRGBROBYOXYOWBRRWOXWYYBGGWGXWRYBOGGRXGWWBRRWBXBYOO;20
GWORXYRBRYGGRXBBOBYOWYXGYGBGRGOXGRRBWBOWXBWWYRYWYXWOOO;16
YWOYXYYGWOORRXGBORGOGWXGBBRRRGRXWWBBWBGRXBWGYYYBWXOOYO;13
OROWXBRRWGOGOXROGRYYGBXGBGRRWGRXYWWWWWYOXBOBBYYBOXGYYB;17
OBWGXORRRGYGRXWBWBYYWRXWYORGBOGXBWOOGRYYXGBYYRGBBXWOOW;19
YGWBXWRYGOWGGXGOOBYBRYXGYWWWOOOXOBROGRGBXWBRBRRRYXYYBW;19
GRORXBRBRYGGBXGBOBYOWYXGYRRGYGOXGWRBWWOWXWWYYRBBWXYOOO;20
GRWGXYRRWYWGOXGYWYYYGYXORRWROOWXOBBOGWOGXBBBOBGRBXRBYW;20
OGGOXRRWWGGGBXYBOYYGGOXRROBRBWYXBRRBORYWXYWGYBBWWXWOYO;18
GGWOXGRWGYBGYXBOBRYGRWXRBWRWYOWXYWYBGRORXOWOBYOBRXBYGO;17
YRGYXWYWWOORWXOYGRGBGGXYBBBROWGXRRWWOYGBXROOOYYWRXGBBB;17
YYWYXBYORORRWXGYYYGWWWXORRWGWOYXOBGOGGGBXRBROBGRBXOBBW;19
GWWWXRRGGYRGYXWYYYYOROXRROWWGOYXRBWOGBOBXOBGOBBRBXGBYW;20
YOWGXBGOWOWYOXOYYBRWGBXGYYWRWORXBBBWGYGYXGOWORRRGXRBRB;15
YWGBXGGRROYYRXRBRRRWWBXWBORGYWGXOWOBOBGBXGWWYYGBYXYOOO;18
GGGOXGGYWYBYYXRBWYRBGGXORGWRWWWXRBOWOOOBXROWYBYRBXYORB;19
OOGWXRGBWGRYGXYOOYROGRXGRGWRBWOXBBYOOWYWXYBRBBWRYXBYGW;19
OBGYXRYOGGRRBXOYWBGWRGXOYWRWGWYXOWWOORYBXYBGORRBGXBBYW;19
GGGGXWRYWYWGYXWOYYYBGOXORORRRWYXRWGBOOOBXRWBBBBBGXRYWO;18
GGOYXBROWYRGYXBYYYYWGWXGRRBRYGOXWRBBWRORXOWGOBBWGXOBWO;20
OWOYXRYBGGORGXWBGBGORRXBYYBWGGRXGRYBWBYWXYWWYRRWOXBOOO;19
YGGYXWRRGOOGOXRYYRYYRBXWBORWRWBXBWWBORGYXGWWOYBBGXGBOO;19
GWWYXRYYRYRRBXBBBBGGWWXGYWWGGOOXYBROGGOOXYBRYROROXWOBW;19
OBGOXWGWWGGYGXYOBBRGGOXRYWBRRWYXBRGOOOYYXYBBBROWRXRYWW;20
GWWWXBRRWYOGBXGBBYYYGYXGRRBRWOOXYRROGGOOXYBRYBGWOXWOBW;20
YWWRXGGBWOGYBXYBOYRRGOXBRYRRYOOXWWWBGGGRXYWOYBRBWXBOGO;16
YBWWXRGOGORYWXOORRRYRGXBBGBWGORXGRWOGOGWXOBBBYYWYXBYYW;17
GOOGXOYYWYWRBXOBRBGGGBXGYWRRGGRXWWWOWYORXYBRYROBYXBOBW;20
OWGOXBYORGGRYXWBBRGYWRXBBBWGWWRXWBGWOGYOXROGYYYROXROYB;19
ORWGXBRRWGWGYXROYRYYGBXYBWBRWOBXORGOGWYBXOBOBYOWGXRYGW;14
YOWOXOYYWOBRWXGOYYGGGWXBRYBRGORXBRGBGYGWXOWWBBRWBXRYRO;17
YWWBXYYWROYROXYYYRGBWOXBBWWGROOXWBBWGGGOXGOROYRRGXRBGB;20
GWWGXBYBGYYROXRYWBGRRGXOYWWWYOWXYBGOGGORXBBYORRRBXOBOW;18
GBGYXGYRGYRRGXOBGBGWRGXOYBWWWWWXYBBBOOOOXYWBYRYRRXROWO;20
YROWXRRWROOGGXRYORYBWBXRBBRGGGYXOWGOWWGBXWBGOYYBYXOBYW;14
GWWWXRRYRYRGWXGOOBYBWYXWYYRGBOBXOWGWGGOBXOORBRRBYXOYGB;18
OWWYXYYYGGRRGXOBBBGBRBXGYWBWOOOXRRROGGYGXYBBYROWRXWOWW;19
ORORXWYOGGGRGXGBGYGYRWXYRWWWOGBXOBBOWYYBXYBBYBRROXROWW;20
GRWBXWYYGYWROXOOORGGRGXGBBWWOORXGBRBGYOWXBWRBYYRYXWYBO;20
OOGRXWYGRGGRWXRYWBGOWBXYYYRGOWBXOWWOOYYBXRBGORRBBXGBYW;15
OWWRXRRYWGBGOXYORRYGGOXRBBBRGOYXBROOGGYWXBBOBYYWWXWYGW;17
OWORXYRYGGGGWXOOYBYBRGXBYYWWOGOXGBBBWBYWXOWWBRRRGXRYRO;13
OOWGXORRGGWGBXRBBBYYRGXWYGBWBOBXORROGWYGXYBYYRYWRXWOOW;19
OBOYXWYORGRRBXGOYYGYWWXGRRRGRGOXRWOOWOYBXWBBBBGBGXWYYW;12
OGGYXRRORGRGGXWBGYYYWRXBRGWGBWOXWBYWOOYOXYOBYBWRRXBOWB;20
OOWBXOYYWGYRWXRBWYGGGGXGRRRRBOOXWWRWGYYRXOOGYBBBBXYOWB;20
YYOOXRGRWOBYGXYBGRRWGRXGBBBRBGRXGROOWBGYXWBYYYWWOXWOOW;19
YGOOXGYOGOBRYXRYWYGWRGXYRYBWYGBXRRWOWOGBXOBWOBRWBXGBRW;17
GOOYXOYYGYRROXBYWBGGRYXBYRBWBGRXWROBWWORXGWGORGWBXYBWO;19
GOWGXORBGYYGOXGBRRYRRWXWBWWWBOBXRBYBGWOGXGWYYYRRYXBOOO;20
OBWOXBGGGGGYRXBBOBRRRYXRYGBWWOYXYRROGOYOXBBGYRYWWXWOWW;19
GOORXRRGWYGGBXOBRBYOGBXWYGWRBGBXGBRWWWOWXYOYYRYRWXYOOB;20
OOOOXYYYGGBRYXROGRGGRBXWBWWWOGGXBBGOWWYYXRBBBYRRRXOYWW;19
YYOYXGROGORGRXGBOBYYRYXGYBBWWGOXWRBBWBGRXBWRYRWWWXOOGO;16
OOWOXGYBRGGRGXBYWBGRWYXBYWRGYOOXYWGBGYYRXWWWORRBBXRBOO;14
GRORXGRBGYGGOXYYORYRROXWBWWWYGBXGBYBWYOWXBWOOYRRWXBBGO;15
OWOWXRRRRGOGYXGYRBYYWYXGYOWGGGOXBBBBWBYYXOWGORBRWXRBWO;19
OGWYXWYOWGRRRXOOYBGWGBXGYGRRRORXBWYBGOYWXBWYBRWBGXBYOO;20
YOGOXGYRROBRBXOBGYGWWGXWRRRGYWGXBWOOOYGYXWBYYBBBRXWORW;20
OOWRXRGWRGBYWXBYBBRGWWXOYBBGGOWXORRWGYYGXROGORYWOXYBYB;19
YYWBXWGRROYYRXOBWBRWWBXBYYBGOORXYRGOGGGOXGBGYRRWBXOOWW;17
GOORXORWGYGGYXWBBRYBROXBBBBWGGRXGRWOWYOYXRBWYYYWOXGORW;17
OBOOXWYYGGGRRXBBOBGGRYXGYBBWOGRXGRRWWOYWXBOYYRWWYXWORB;20
YBOGXGRWROWGOXYYYYYBWOXRRWWGYGYXRBOOWOGGXGBROBRRBXWBBW;19
GWOBXRRORYWGGXRYRRYWWBXBBYRGGGOXOWROWGOGXYBBOYOBYXWBYW;15
YYWBXRGBROYYGXYOBYRRWRXGRWBGGOOXBRROGGGWXWBYBBOWOXWYOW;19
OBOGXORRWGWGYXWYYYYYGOXBRBBRGGOXWRGWWRYRXOOBOBWWGXRBYB;18
YYOOXOGGGOGYWXBBORRRRWXOBBWWBGYXRBRWWGGBXROGYYYRWXYOWB;17
OBGYXYYGWGRRGXWYWBGOGRXGYWBROWRXBRWOORYYXYBOOROWBXGBBW;18
GBGBXYYYRYYRRXGBOBGGWWXGYWWGRWRXBBGBOOOWXBWYYRRRWXOOOO;14
OWWOXRGBRGGYOXBOYBRRWYXOYBBGGOWXYRRWGGYOXBOWBRWWGXYYRB;20
GOGWXORYWYRGRXOOBBYBGBXYYBBRGWGXWRWWOYOOXGOYBRWWRXGYRB;17
GYGBXRRRRYWGWXWBYRYYWRXWBORGGWGXYWBBOBOOXOWOYYGBGXROBO;20
YRWOXRRGGOBGGXGOWYYRRWXORYBWBOWXORRWGYGGXYOBBBOWBXWYYB;18
OWWOXYYRGGGRWXROYRGYRBXYBOBWOOBXBRRBGGYWXOWRBYBWGXWYGO;17
OOGRXGRYGGBGOXWORBYBROXGYOBWWWRXBRRBOYYWXGWGBRBWYXWYYO;19
GBWGXYYORYYRYXOYGBGWWGXWYGWGOOBXWBYWGRORXROOORWRRXBBBB;20
YYWOXWYOROBROXWOYBGYWRXWYYWGOOBXRBBWGBGGXGOGBRRRGXRYWB;17
YRGGXOGWWOYYOXWBWBRGGOXYYRWRBWBXWBBOOYGRXGBYYRGRBXROOW;20
YBOOXRGGROBYBXWOOBROWOXWYYBGGGGXWRYBWRGRXWWBBRRWYXGYYO;16
GWWWXYYBWYORBXRBRRGOGBXGBGWRRORXBBGBGGOWXYWYYYYRWXOOOO;20
YGGOXWGOROBYOXGYRRRYWYXBBWBGRWRXBRWOORGYXGBBOYOWYXGBWW;16
GGOWXORYRYOGOXROYRYBWBXRBYBGGGYXWRWBWRORXBWGBYOWGXBYWO;15
YOGYXGYGGOORRXOBYBGORBXBYWWWWWRXBBROOWGYXGBBYRRRGXYOWW;19
YOOOXYYWWOBROXROOYGGGGXYRBBRRGGXWRYBWWGRXGWRBBWWYXBYBO;19
YWWBXRYOROYROXROGBGYWBXOYYBGGOWXWRWBGGGRXBWGBRRWOXBYYO;17
YOOYXWYBGORROXBBWBGRRYXOYRBWRGYXGRBBWWGYXGWGYRGWBXOOWO;16
YOOWXRYBROOROXBYWRGRWWXRBBBGGGWXYRBBWYGRXGWGOYYWGXOBYO;18
GWWRXWRYGYGGWXRBWRYBRBXGBGWWOOOXOBROGGOBXRBYYYYRBXYOOW;20
YOOBXRRRROYGOXBBBBYWWWXBYGBGGGOXYRWWWWGRXGOYYRYWRXGOOB;19
YBOBXRGGGOYYWXYOGBRRROXWYWWWBGBXGBROWOGWXRBGBROROXYYYW;16
YYOOXRYBROGRBXWBBBGOWRXWYWBGGGBXGROOWGGWXYBYYROWRXYORW;18
OOGOXRRWWGGGWXGOGYYGGYXRRWBRBWYXORYOOYYBXRBBBBOWRXBYWW;20
GWGGXBYYRYWRYXOYRBGGWBXRYRBGYWYXRRGWOBOGXOOWORBWWXOBOB;20
GBOGXORRRYWGRXGBWBYWWYXYYYRGGGBXRWOOWOOGXBBYYRRBBXWOOW;20
OGGBXGRBGGYGGXBOOYYRRWXGROBWWWOXWRRBORYRXYWWBBBWYXYYOO;20
GWGGXWYYWYWROXYBRBGGGOXYYRWRRWBXOBOOOBOGXBBRYRGRYXWOBW;12
YYGOXBGOWOGYGXRYRBRWGBXYYYRRWWBXRWOWOGGGXWOOORRBWXYBBB;19
OOGGXYYBRGWRRXBYGRGRWWXYBBBGRWGXOROOOYYBXGBWOYYWOXWBRW;14
YROYXOYYGOORWXOYBBGBRBXGYGBWGGRXGRROWYGYXOBBORWWRXWBWW;17
GBOYXWGGWYOYWXYOWYROGRXGRBBROGRXRRYBWOOBXRWBBBWWGXGYYO;20
OOGBXOYWWGYRWXBBOBGGGWXGYYWRGWRXRBBBOYYBXRWGYRRRWXOOYO;16
YYOBXYRBROWGWXOBYBYRWBXGYRBGRGOXGRRWWGGWXOOYYRGWBXWOOB;18
ORWOXWRYRGBGGXYOGBYBWOXBYYBGOORXORWWGWYGXYOBBRRWRXGYWB;19
GRORXRRGWYGGWXGOOYYOGYXWROWRBGBXGBRBWWOWXOWBBBBRYXYYYO;20
OYOWXOYBRGORYXBBRBGRWWXWYGWGGGGXRBOWWBYGXROOYRYRWXYOBB;13
OYGOXWYRRGGRGXGYBBGWWWXOYRWGOWYXOBROOBYBXYBBORGRRXYBWW;20
GBOGXBRRWYWGGXROOYYYGGXRRBBRYGWXORBOWROGXYBWBBWWYXOYOW;17
OBORXBRRGGGGWXOBYYYYRGXBRGBWWGRXBRRBWOYYXOWYYBWWGXWOOO;17
OWWRXORWGGGGGXWOORYBROXYBWWWBOBXYBGOGGYRXYBRBYRRYXOYBW;17
YGWWXBRBRORGWXYOGRYRWOXWBBRGWOGXOWROGRGBXOBGBYYBOXYYYW;11
GGGYXBYGGYORGXBBBBGORYXRYWWWWWYXRBWBOROBXYWWYRRROXGOOO;18
GWWGXWRRWYWGBXOBRBYYGGXGYGWROORXRBBBGBOBXYWYYRYRWXOOOO;19
YRGYXYGWROOYOXOBBRRBWBXYBRBGRWBXGRYBOWGWXGWWYYGWRXGOOO;18
GRWRXWYYWYBRGXRBGBGGGGXBYBBROOOXBRRBGWOYXWWYYRWWOXYOOO;16
OBWGXWYYGGWRBXYBRBGGROXWYWWWOOBXOBGWGOYGXYORYRRRYXROBB;20
ORORXGGWWGBYYXOYOYRGGGXBRBBRYGOXWRGWWYYRXOOBOBWWWXRBYB;16
ORWRXWRWRGBGGXOYRRYBWGXWBBBGOOGXYRBBGWYOXYWROYYWYXOBGO;20
ORORXYGGWGBYWXOYYBROGBXGYYBROGRXBRWOWWYWXOBGORRWBXGBYW;18
OGGRXYRRGGBGOXBBYYYYRYXWRWWWOWBXOBOOORYGXBBGYBRRGXWOWW;18
OGOOXYYBWGGRBXGBBRGRGWXRBBBROGYXWRYBWRYRXYWWYYWWOXGOOO;16
OWGOXGRRGGGGRXBYBYYYRWXORBBWYWYXWROBOGYRXGWOOBYWRXWBBO;20
YGWBXYRBROYGGXGBOYYOWYXBRBBGRORXORRBGRGGXWWYYBWWWXWOOO;19
OBGYXRYGRGRRWXWBYYGOWRXWRYRGGWGXBWBBOOYWXOWBYBOBGXROYO;19
GWOWXOGGGYOYGXYYRBRRROXBYBBWBGRXBRGOWGOYXYBYORWWWXOBRW;18
OBGOXBRRRGGGRXYORBYWWOXWYGWGWWGXBBOOOOYYXGBRBRYRYXWYBW;14
YBGBXGRRWOYGBXOBOYYYGGXORWWRWWYXGBBOOOGYXWBRYBRRWXROGW;17
OOOOXGGRGGGYYXGOGYRWRWXORBWWYGWXRBBBWYYBXRWBBBWRRXOYYO;15
YWWRXORRGOGGYXYBBRYWROXWBBWWBOBXGBOOGGGYXRBOYYYRRXWOGW;20
YGWYXRRYROOGWXBYYBYBWWXOYYBGBOWXGRGWGRGWXROOORRWGXOBBB;17
YGOBXOYRROYROXYOOBGWWOXWYYRGGGGXRWYOWRGBXBBBBRRBWXGYWW;19
OWWOXRRYRGBGYXWYOYYGWRXWRBRGGOGXWWBWGBYOXROOOBYBYXRBGB;16
YWGOXYRBWOBGOXGOOYYRGYXGRGBRRWRXWRYBOBGRXGWWBBWWYXBYOO;18
OOWGXWYYGGWRYXBYGRGGRWXBBBBWOORXORGOGYYBXRBWOYYWRXOBRW;20
GWOGXRGBRYYYOXRBRBROWBXOYYWGGGWXBBWOWBOYXGBYYRRRWXGOOW;19
YBOYXBGBROOYOXBYYBRRWYXGYYRGWGRXGWOBWOGWXGWWORRBGXWBRO;18
YBGOXBYRGOBROXYORBGYROXYYRWWWWGXWBWWORGOXGOBBRGRWXGYYB;17
OGOWXOYBWGORYXBYYRGOGWXRBGRRGGWXYWYWWRYOXROROYWBBXGBBB;18
GROBXORGGYYGBXYBBBYRROXOYOWWGGWXGBRBWWOWXWWGYRBRRXYOYO;17
OGWGXBRBGGWGRXOOYRYORGXRBBBWYOWXYROOGRYOXBBYBYWWGXWYRW;14
ORWOXBYOGGGRGXBYBBGYRYXBYWWWWOOXGBGBGYYYXWWWORRRRXRBOO;17
YGGYXWRYROOGRXGBBBYBWYXRYBBGRWYXRROWOOGGXBOGYRWWOXWOWB;20
OGOOXGRRWGBGGXWBWBYYGOXGYRBRWGOXYRYOWRYOXYBWYRBWBXBORW;16
YRWBXWYYGOWROXOBRBGGRBXBYBWWOORXGBGWGYGWXGOYYRYRWXROOB;15
OWWBXBRGGGYGYXGYBBYORYXBYRBWWORXYRRBGGYOXRWWORGWOXWBOO;20
YYOGXWGBGOWYBXYBGYRORRXGRWWWOGRXBBOBWGGYXWWRYBRROXYOBO;17
OWWRXWYRWGGRRXOOYRGYGGXYBWRROOGXBWBOGGYWXBBYBYRBBXOYOW;16
YOWBXYYOWOYRGXRBBBGWGGXYYBBRROGXORRWGYGGXWORYRWWOXWOBB;16
OOOWXORRRGOGOXBYRYYYWWXWRRWGGGGXBBYOWYYYXBBROBBRWXGBGW;20
OWGRXYGGRGBYOXWORRRRWRXOBGBGOWWXORYWOBYGXBOGBYYWYXBYWB;16
OYWGXBYYWGWRYXWBBYGGGOXBRRBRWORXORRWGBYGXROYYBGWOXWOOB;20
GBOGXWGOWYYYBXWYGRRYGOXRBBBRRGYXORGOWROBXWBGOYYWOXRBWW;20
OGGGXRGGWGYYYXBYORROGWXWBBBRBWGXWRBBORYRXRWYOYYWWXOBOO;15
OOOBXOGRRGWYRXWYRBRWWOXYYBBGGGGXRRWBWYYGXBWOORYWYXGBBO;20
GOOGXWRGWYYGYXRBWBYOGBXRYORRRGYXBWGBWWOYXOWGYRBBBXROWO;20
YGWWXBRBGOOGGXYOBYYRRRXYROBWWOGXYRRWGRGOXWOBBBGWOXWYYB;15
GYGWXWYWWYRRYXBYGBGGGWXRYOBROWYXORYOOGOBXOBRORGWRXBBBW;17
GBOGXBGGWYWYOXWOOYRRGRXYRYWRWGGXYBBOWOORXGBBBBORWXRYYW;15
GBOYXGYBRYORBXYOGYGRWRXGRWRGYGOXGWROWOOWXWBBBBOBRXWYYW;15
OBOGXBGGWGWYYXWOBBRRGOXGYGWRYGOXWBROWOYRXOBBBRYRRXYYWW;18
YOORXRRRGOGGBXYBGYYYROXBRBBWBGOXGRRBWWGYXYWGYBWWOXWOWO;20
GWWBXWYYGYYRYXWYWRGGROXRBRBWROYXRRBOGGOBXOBOOYGWBXOBGW;17
GOWWXORRWYOGBXOYYRYYGBXGBGRRGORXWWBWGYORXWOGOYYBBXRBWB;16
GWWRXORBGYGGBXYOYBYRROXOYWWWBOWXOBROGGOGXWBBBRRRGXYYYW;17
GGWYXGRWGYOGWXGYRRYBRWXBBBRWYORXOWBBGROGXRWWOYYBYXOBOO;19
GOOWXYRWWYRGYXRYYRYBGBXGBGWRRGOXBBBBWWOYXOWROYWRGXOBGO;19
YRGOXGYRWOGRBXWOOYGYGOXBRGRRWWRXRWBBOWGGXWWBBBYBYXOYYO;18
GOWRXORBGYGGGXYOWRYRRRXYBWWWBOBXOBOWGWOGXYOGBYRRBXYYWB;17
YRWRXBYOWOBROXGYRRGYGWXGBBRRWORXGWBBGWGYXGWWOYYBYXOBOO;20
GOORXGYWRYBROXROORGBWGXWBOWGYGGXYBROWWORXBBBBYGRYXWYYW;20
GBOBXGYOGYYRYXBYBRGWRWXGBRRWYGOXGWROWOOWXOBWOYGBRXYBRW;16
YRGYXOGBGOOYGXBYBBRRRYXWYYBWGWBXRROOOWGGXYBGORRWOXWBWW;19
YWWOXRYBGOBRYXYORBGRROXWYOWWGOBXWBYWGGGOXROBBRGRWXGYYB;17
GRGWXRGYRYOYYXROGRRBWBXBBGBGGWOXBRRBOWOWXOWGBYWWOXYYYO;18
OGWOXOGRRGGYBXYOYYRWWRXORYBGBOWXRRWOGRYBXWBBBBOWGXGYYW;19
GBOWXGYOGYORBXROGRGYRGXBBBBWYGRXGRRWWOOWXWOYBYYWOXWYRB;19
OOWGXWGRGGWYOXBOYRRYRWXRBBWWOOWXRBBBGYYBXGWRBYYRGXOYGO;20
YYGOXRGWROBYOXWORRRBWRXWBYWGGWGXRBYBOGGBXGWWBYORYXBYOO;20
YWORXGRYGOGGOXYYBBYBROXBYWWWYGOXGBRBWBGWXGWWORRRRXYBOO;20
YOWYXORYROOGRXGYRBYBWYXWYYWGBOGXBBGBGWGWXGWRORRRWXOBBO;17
OYGGXYRRGGWGRXGYRYYYRYXBRORWOWRXBWOWOBYWXGOOOBGBWXWBBB;20
YGGYXWRWWOOGBXWBBBYGGOXYYOBRRWGXBRRBORGWXYWOYRBWRXYOGO;20
GOORXORWRYGGBXWBYRYBWRXWBOWGGGGXRBOBWWOBXYWYYYBRGXYORO;16
OBWGXBGOGGWYRXYOYYRYRRXBRWBWWORXBRROGOYYXGBOBBOWGXWYGW;17
OYWGXWGGGGWYYXBOGRRRRWXOBOBWOOYXRRRBGBYBXRWGBYBWOXWYYO;17
YYGYXBGWWOOYWXOBBBRGGGXGYYWRWWRXRBYBOGGBXOWWYRRROXBORO;20
GWWRXBYOWYBROXRORYGYGGXRRGWRWOYXOBYBGGOGXBWWBBYRWXBYOO;17
OBOOXYGWWGGYGXBYRBRGGYXBYWBROGRXYRGOWOYRXYBBOROWWXRBWW;20
GWGYXRRBRYOGOXWYRRYOWOXYBWRGGWBXGWBWOBOYXGOGOYRBYXRBWB;11
GRORXOYYWYGROXGOOYGGGWXBRBRRGGRXWWOOWYORXBBBBBYBWXYYWW;15
YGGRXYRYGOBGWXGBBBYBRYXRYGBWOWYXRRROOOGGXOBBYRWWOXWOWW;20
ORWOXOGWWGGYGXRYRRRGGBXOBRWRBOWXYBYOGWYOXYBBOYGRYXBBWW;20
YOWYXWRYWOOGGXGYBBYBGYXRYBBRROYXRRBBGWGGXWWOORWWRXOBGO;20
YYWRXBYGGOGRGXRBRRGORBXYBOWWWOGXWBRBGBGOXWWYYYBRYXWOOO;15
OYGYXOYWWGRRGXWBWYGBGRXGRWWRGWRXYBBBOBYOXYWRYBORGXOOBO;15
OWWWXBRRRGOGRXOBBBYWWBXGYGRGYOOXBWOBGGYWXGWYYRYBRXYORO;13
GOGRXOYRRYGRYXOOOYGWWGXYRBWGBWGXRBWOOWOBXRBBBBWRYXGYYW;13
OOORXBRGGGGGGXBOORYORWXBBWWWYGOXYBWOWWYRXYBRBYRRYXGYBW;17
OOOGXRGWRGWYGXWBRRRBWRXGBOWGGGOXBBBWWWYYXYOYYYBRYXROOB;20
YOOBXWGWWOWYWXOOYRRGGGXBBRBRRGRXORYOWYGBXOBYBYGWBXGYRW;18
YYWGXWGBGOWYBXOBGBRRRBXGYYWWOOOXYBRWGGGOXWOBYRRRRXWOYB;13
YYOWXORGGOOGBXOBWBYRRGXBYYBWBGRXYRWOWGGOXYBWYRRWBXGORW;19
GWGOXGRGWYBGRXRYORYOGBXRBBRRYWYXGWRBOBOWXGWWOYYBYXWBOO;16
GGWYXRGBRYOYWXBBBBRRWWXOYGBGGOWXYRYOGOORXRBGYRYWOXBOWW;14
YRWYXBGYWORYOXBBWYRGGWXBRWBRYORXORGOGWGGXBBYYBOWGXROOW;14
OOOGXRYRWGWROXOBRRGWGGXBBGRRGGRXBWOOWYYYXBBBYYYBYXWOWW;17
OOOYXYGYGGRYOXGOGYRGRWXYRBBWOGBXRRGWWWYBXBOWBBWWRXOYRB;13
ORWBXWRRGGWGOXOOYYYYRGXORRWWOOYXGBBWGWYWXBOBBBGRGXRYYB;18
GBOYXORWWYOGBXRBYYYBGGXRRORRGGWXGWRWWROWXYOWYBBBGXYOOB;19
YYWBXWGRWOWYGXRYORRYGBXGBBRROORXOWGWGGGBXWOWOYYBYXOBRB;20
OBWRXWGORGBYGXYOOYRWWRXGROBGRORXBRYBGOYWXYWGBBGWYXBYWO;20
OGGWXORRRGOGBXBYYYYYWWXBRGBGBWRXYRGOOOYOXYBWOBWWGXRBRW;18
OWORXYRWWGGGGXRYBRYGGBXGBBBROGOXWRRBWBYRXYWWOYYWOXYBOO;19
YGGYXBYRROOROXBOWBGWWWXRYWBGYWYXGRGWOOGYXBORBROWGXRYBB;17
GYGBXGYGGYYRYXYYRYGOROXORBWWWWWXOBBWOGOBXROROBWRWXRBGB;17
OYGOXRRWWGGGRXGBWYYGGYXRRWBRBWYXYRBBOBYOXGWWYBOWBXOORO;14
YYOYXBYBWORRYXWYOYGRGRXWRRBRYGGXORBBWGGGXOWBOBGWWXOBWO;18
GWORXWRBRYGGBXGBOYYRWYXGRYRGRGOXOWOOWBOBXYBGYBRBWXYOWW;15
OGOOXBGYRGGYBXOBRBRGWBXOYYWGWGWXRBOOWRYBXYBGYRRRWXYOWW;10
YWWYXYYGRORRRXRYWYGOWBXYRBBGOOGXWRBBGGGRXGWWOBYWBXOBOO;18
YOOYXGRYGOOGOXROGRYBRBXRBBBWYGYXGRGWWWGWXBOWBYWWRXOYRB;20
OYGWXGYYGGORRXYOWBGGROXGYYWWWWOXOBROOBYBXBBRBRRRBXWYGW;19
YRWGXWYYGOWROXOBWBGGRBXBYRBWOORXWROBGYGRXGWBYRGWBXYOYO;14
OOOYXBRGWGRGBXYYWBYOGOXYYRWRWGGXOBGOWWYBXYBWORBRGXRBRW;15
GYWRXWRWWYGGOXGOWYYBGYXGRWRRROOXYWBWGBOOXBOYBBOBGXRYRB;16
OYGYXOYRGGORBXRBOYGYRGXBRBBWGWRXWRBBOGYRXYWGYBWWWXOOWO;18
OOWGXWGGGGWYGXWYGRRORRXWBYWWOOBXBBBOGYYYXYBROYRRRXOBBW;19
OWOOXOYYGGGRYXYOBBGGROXYYWWWBGBXGBGBWBYWXRWWBRRRRXRYOO;19
GRORXOYYWYBRGXYOORGGGRXWBRWRGGBXBBBBWWOYXWWYBYGRWXOYOO;18
GWOYXOYWWYRRWXROGRGGGBXYBYRRGGGXOWYOWBOBXOBWBYOBRXBYRW;18
YGGGXBGBWOYYBXGBOYROGWXRRWRRWWWXRWRBORGBXYWOYBOBYXYOGO;20
OWWWXYYYRGRRRXOYBBGBWGXWYGRGROBXYWBBGGYOXGWWORYBRXOBOO;17
YYGYXORWWOOGBXROGYYGGGXRRWWRBWYXGBBBOBGYXWWWBBRROXRYOO;17
YWGOXWRWGOBGBXYYRYYBROXBRGWWRWRXWBGWOGGOXYOOOBYRYXRBGB;17
OOGGXRGGGGWYGXROORRORBXBBWWWGWOXBBYBOWYWXYWYBYRRYXBYRO;18
YBWWXYGGROOYGXOYWRRRWGXRBBRGROWXYWWBGOGOXYWROYYBBXGBBO;18
OBGOXBGWWGGYGXROGBRGGBXOYYBRWWWXYRROOOYOXYBBBRRWRXWYYW;20
YWWBXBROROYGOXRYBBYYWGXBYWBGWOOXGRROGGGYXGBYOROWRXWBRW;13
YGORXWYBROGRWXYBORGRWRXWBGWGRGBXGBBWWOGWXOOBYYYRYXOOYB;20
YRGRXGROROBGRXWBBRYYWRXWBBRGYWGXOWOOOYGGXGBBYYYBOXWOWW;17
OBWGXRYOWGWRYXROOYGWGGXYRBBRBOGXBRGOGOYYXRBWBBWWYXOYRW;11
OYGRXGYGGGBROXYYYRGORRXWBWRWWWBXYWGWOBYOXBOWOYRBGXRBOB;18
YROBXOYYGOYRYXRYRBGGRBXOYBWWGGWXOBWOWWGBXOBRORWRYXGBGW;17
GWWYXRYOWYRRBXBBGRGWGWXYBOBRBOGXWROBGGORXYWOYYBWRXYOGO;12
YYWGXWGGGOWYOXBBRBRRRWXBYOBWOORXYRYOGBGOXGBYYRBWWXGORW;20
OOGOXWRWWGGGRXBBOBYGGYXYYOBRRWGXBRRBOYYWXBWRYRBWWXYOGO;20
OOWBXWRRWGYGGXYBBYYYGOXBRBBRRORXGRGWGWYYXWOOYBWWOXROGB;17
OGWYXWYGRGRRRXWOYYGOWRXWRGWGOOBXOBOOGRYBXBBBBBWRGXYYYW;17
OOGGXYRRRGWGYXRYGYYWWGXYRBBGRWBXRRBBOWYBXOWGOBWWOXOBYO;18
OOWWXBYYWGRRYXBYWRGGGWXBBRRRYORXOWOWGYYGXROOOYGBGXWBBB;20
OROOXWYYGGBROXRBYYGGRBXGRBBWOGRXGRRBWWYWXGWYYBWWBXYOOO;20
OGWOXYGOGGBYWXBYBBRWRYXYYGRWOOGXOWRBGRYGXRWBORWBRXYBWO;13
YWGYXRGWWORYOXGBRRRBGYXGBBBRBWRXWRGOOGGOXBBYYYYWWXOOOW;20
