Pos;Solution;Nombre_noeuds;Temps
GGGGXRGRRYYYYXYYYYRWWRXWRRRGGWGXWWWWOOOOXOOOOBBBBXBBBB;(up,1,-1),;2.0;1.1000869274139404
GGGGXGGGGYYYYXYYYYRRRRXRRRRWWWWXBWBBOOOWXOWWOBBBBXOBOO;;;
GGGGXGGGGYYYBXYBBYRRRRXRRRRWWWWXWWWWOOOOXYOYYBBBOXBOOB;;;
GWWGXWGGGYYYYXYYYYRRRRXRRRRWOOWXOWWWGGOGXOOOOBBBBXBBBB;;;
GGGGXGGGGYYYYXBYBBRRRYXRYYRWWWWXWWWWOOOOXOOOORRBRXBBBB;;;
GGGGXGGGGYYYYXYYYYRRRRXRRRRWWWWXBWBBOOOWXOWWOBBBBXOBOO;;;
GGGGXGGGGYYYYXYYYYRRRRXBRBBWWWRXWRRWOOOOXOOOOBWWBXWBBB;;;
GGGGXGGGGYYYYXBYBBRRRYXRYYRWWWWXWWWWOOOOXOOOORRBRXBBBB;;;
GGGGXWGWWYYYYXYYYYRGGRXGRRRRRWRXWWWWOOOOXOOOOBBBBXBBBB;;;
GWWGXWGGGYYYYXYYYYRRRRXRRRRWOOWXOWWWGGOGXOOOOBBBBXBBBB;;;
OOGOXGGGGGGYGXYYYYRRRRXRRRRWWWWXWWWWOYYOXYOOOBBBBXBBBB;;;
GOOGXOGGGYYYYXYYYYRRRRXRRRRWGGWXGWWWWWOWXOOOOBBBBXBBBB;;;
GGGGXRGRRYYYYXYYYYRWWRXWRRRGGWGXWWWWOOOOXOOOOBBBBXBBBB;;;
GGGGXGGGGYYYYXYYYYRRRRXBRBBWWWRXWRRWOOOOXOOOOBWWBXWBBB;;;
GGGGXGGGGYYYYXRYRRRRRBXRBBRWWWWXWWWWOOOOXOOOOYYBYXBBBB;;;
GGGYXGYYGYRRYXRYYYGGRGXRRRRWWWWXWWWWOOOOXOOOOBBBBXBBBB;;;
GGGGXGGGGYYYOXYOOYRRRRXRRRRWWWWXWWWWOOOOXBOBBBBBYXBYYB;;;
GGGGXGGGGYYYOXYOOYRRRRXRRRRWWWWXWWWWOOOOXBOBBBBBYXBYYB;;;
YYGYXGGGGOOYOXYYYYRRRRXRRRRWWWWXWWWWOGGOXGOOOBBBBXBBBB;;;
GGGGXRGRRYYYYXYYYYRWWRXWRRRGGWGXWWWWOOOOXOOOOBBBBXBBBB;;;
GGGGXGGGGYYYYXYYYYRRRRXRRRRWWWWXBWBBOOOWXOWWOBBBBXOBOO;;;
OOGOXGGGGGGYGXYYYYRRRRXRRRRWWWWXWWWWOYYOXYOOOBBBBXBBBB;;;
GGGGXGGGGYYYYXYYYYRRRRXBRBBWWWRXWRRWOOOOXOOOOBWWBXWBBB;;;
GGGGXGGGGYYYBXYBBYRRRRXRRRRWWWWXWWWWOOOOXYOYYBBBOXBOOB;;;
GGGGXWGWWYYYYXYYYYRGGRXGRRRRRWRXWWWWOOOOXOOOOBBBBXBBBB;;;
GGGGXGGGGYYYYXYYYYRRRRXRRRRWWWWXBWBBOOOWXOWWOBBBBXOBOO;;;
GGGRXGRRGYGGYXGYYYYYRYXRRRRWWWWXWWWWOOOOXOOOOBBBBXBBBB;;;
GGGYXGYYGYRRYXRYYYGGRGXRRRRWWWWXWWWWOOOOXOOOOBBBBXBBBB;;;
GWWGXWGGGYYYYXYYYYRRRRXRRRRWOOWXOWWWGGOGXOOOOBBBBXBBBB;;;
GGGRXGRRGYGGYXGYYYYYRYXRRRRWWWWXWWWWOOOOXOOOOBBBBXBBBB;;;
GOOGXOGGGYYYYXYYYYRRRRXRRRRWGGWXGWWWWWOWXOOOOBBBBXBBBB;;;
GGGGXWGWWYYYYXYYYYRGGRXGRRRRRWRXWWWWOOOOXOOOOBBBBXBBBB;;;
OOGOXGGGGGGYGXYYYYRRRRXRRRRWWWWXWWWWOYYOXYOOOBBBBXBBBB;;;
GGGGXGGGGYYYYXYYYYRRRRXWRWWWWWBXWBBWOOOOXOOOOBRRBXRBBB;;;
GGGGXGGGGYYYBXYBBYRRRRXRRRRWWWWXWWWWOOOOXYOYYBBBOXBOOB;;;
GGGGXGGGGYYYYXRYRRRRRBXRBBRWWWWXWWWWOOOOXOOOOYYBYXBBBB;;;
GGGGXRGRRYYYYXYYYYRWWRXWRRRGGWGXWWWWOOOOXOOOOBBBBXBBBB;;;
GGGGXGGGGYYYOXYOOYRRRRXRRRRWWWWXWWWWOOOOXBOBBBBBYXBYYB;;;
GOOGXOGGGYYYYXYYYYRRRRXRRRRWGGWXGWWWWWOWXOOOOBBBBXBBBB;;;
GGGGXWGWWYYYYXYYYYRGGRXGRRRRRWRXWWWWOOOOXOOOOBBBBXBBBB;;;
GWWGXWGGGYYYYXYYYYRRRRXRRRRWOOWXOWWWGGOGXOOOOBBBBXBBBB;;;
GGGGXGGGGYYYYXBYBBRRRYXRYYRWWWWXWWWWOOOOXOOOORRBRXBBBB;;;
GGGGXGGGGYYYYXYYYYRRRRXBRBBWWWRXWRRWOOOOXOOOOBWWBXWBBB;;;
GGGGXWGWWYYYYXYYYYRGGRXGRRRRRWRXWWWWOOOOXOOOOBBBBXBBBB;;;
GGGGXGGGGYYYYXBYBBRRRYXRYYRWWWWXWWWWOOOOXOOOORRBRXBBBB;;;
GGGGXGGGGYYYBXYBBYRRRRXRRRRWWWWXWWWWOOOOXYOYYBBBOXBOOB;;;
GGGYXGYYGYRRYXRYYYGGRGXRRRRWWWWXWWWWOOOOXOOOOBBBBXBBBB;;;
GGGRXGRRGYGGYXGYYYYYRYXRRRRWWWWXWWWWOOOOXOOOOBBBBXBBBB;;;
GGGGXWGWWYYYYXYYYYRGGRXGRRRRRWRXWWWWOOOOXOOOOBBBBXBBBB;;;
GGGGXGGGGYYYYXYYYYRRRRXBRBBWWWRXWRRWOOOOXOOOOBWWBXWBBB;;;
GGGGXGGGGYYYYXBYBBRRRYXRYYRWWWWXWWWWOOOOXOOOORRBRXBBBB;;;
GGGGXGGGGYYYBXYBBYRRRRXRRRRWWWWXWWWWOOOOXYOYYBBBOXBOOB;;;
GWWGXWGGGYYYYXYYYYRRRRXRRRRWOOWXOWWWGGOGXOOOOBBBBXBBBB;;;
GGGGXGGGGYYYYXYYYYRRRRXWRWWWWWBXWBBWOOOOXOOOOBRRBXRBBB;;;
GOOGXOGGGYYYYXYYYYRRRRXRRRRWGGWXGWWWWWOWXOOOOBBBBXBBBB;;;
GGGGXGGGGYYYOXYOOYRRRRXRRRRWWWWXWWWWOOOOXBOBBBBBYXBYYB;;;
GGGYXGYYGYRRYXRYYYGGRGXRRRRWWWWXWWWWOOOOXOOOOBBBBXBBBB;;;
GGGGXGGGGYYYYXYYYYRRRRXWRWWWWWBXWBBWOOOOXOOOOBRRBXRBBB;;;
GGGGXRGRRYYYYXYYYYRWWRXWRRRGGWGXWWWWOOOOXOOOOBBBBXBBBB;;;
YYGYXGGGGOOYOXYYYYRRRRXRRRRWWWWXWWWWOGGOXGOOOBBBBXBBBB;;;
GGGGXGGGGYYYYXYYYYRRRRXBRBBWWWRXWRRWOOOOXOOOOBWWBXWBBB;;;
GWWGXWGGGYYYYXYYYYRRRRXRRRRWOOWXOWWWGGOGXOOOOBBBBXBBBB;;;
OOGOXGGGGGGYGXYYYYRRRRXRRRRWWWWXWWWWOYYOXYOOOBBBBXBBBB;;;
GGGGXWGWWYYYYXYYYYRGGRXGRRRRRWRXWWWWOOOOXOOOOBBBBXBBBB;;;
GGGYXGYYGYRRYXRYYYGGRGXRRRRWWWWXWWWWOOOOXOOOOBBBBXBBBB;;;
YYGYXGGGGOOYOXYYYYRRRRXRRRRWWWWXWWWWOGGOXGOOOBBBBXBBBB;;;
YYGYXGGGGOOYOXYYYYRRRRXRRRRWWWWXWWWWOGGOXGOOOBBBBXBBBB;;;
GWWGXWGGGYYYYXYYYYRRRRXRRRRWOOWXOWWWGGOGXOOOOBBBBXBBBB;;;
GGGGXGGGGYYYYXRYRRRRRBXRBBRWWWWXWWWWOOOOXOOOOYYBYXBBBB;;;
GGGGXGGGGYYYYXYYYYRRRRXRRRRWWWWXBWBBOOOWXOWWOBBBBXOBOO;;;
OOGOXGGGGGGYGXYYYYRRRRXRRRRWWWWXWWWWOYYOXYOOOBBBBXBBBB;;;
GGGGXGGGGYYYYXRYRRRRRBXRBBRWWWWXWWWWOOOOXOOOOYYBYXBBBB;;;
GOOGXOGGGYYYYXYYYYRRRRXRRRRWGGWXGWWWWWOWXOOOOBBBBXBBBB;;;
GGGGXGGGGYYYYXBYBBRRRYXRYYRWWWWXWWWWOOOOXOOOORRBRXBBBB;;;
GGGRXGRRGYGGYXGYYYYYRYXRRRRWWWWXWWWWOOOOXOOOOBBBBXBBBB;;;
GGGGXGGGGYYYYXRYRRRRRBXRBBRWWWWXWWWWOOOOXOOOOYYBYXBBBB;;;
GGGGXGGGGYYYOXYOOYRRRRXRRRRWWWWXWWWWOOOOXBOBBBBBYXBYYB;;;
OOGOXGGGGGGYGXYYYYRRRRXRRRRWWWWXWWWWOYYOXYOOOBBBBXBBBB;;;
GGGGXGGGGYYYOXYOOYRRRRXRRRRWWWWXWWWWOOOOXBOBBBBBYXBYYB;;;
GOOGXOGGGYYYYXYYYYRRRRXRRRRWGGWXGWWWWWOWXOOOOBBBBXBBBB;;;
GGGGXGGGGYYYYXYYYYRRRRXWRWWWWWBXWBBWOOOOXOOOOBRRBXRBBB;;;
GWWGXWGGGYYYYXYYYYRRRRXRRRRWOOWXOWWWGGOGXOOOOBBBBXBBBB;;;
GGGGXWGWWYYYYXYYYYRGGRXGRRRRRWRXWWWWOOOOXOOOOBBBBXBBBB;;;
GGGGXGGGGYYYYXYYYYRRRRXWRWWWWWBXWBBWOOOOXOOOOBRRBXRBBB;;;
GGGGXGGGGYYYYXYYYYRRRRXRRRRWWWWXOWOOOOOBXOBBOBBBBXWBWW;;;
GGGGXGGGGYYYYXRYRRRRRBXRBBRWWWWXWWWWOOOOXOOOOYYBYXBBBB;;;
GGGGXGGGGYYYOXYOOYRRRRXRRRRWWWWXWWWWOOOOXBOBBBBBYXBYYB;;;
GGGGXGGGGYYYYXYYYYRRRRXWRWWWWWBXWBBWOOOOXOOOOBRRBXRBBB;;;
GGGGXGGGGYYYOXYOOYRRRRXRRRRWWWWXWWWWOOOOXBOBBBBBYXBYYB;;;
GGGGXGGGGYYYBXYBBYRRRRXRRRRWWWWXWWWWOOOOXYOYYBBBOXBOOB;;;
GGGGXGGGGYYYYXRYRRRRRBXRBBRWWWWXWWWWOOOOXOOOOYYBYXBBBB;;;
GGGGXGGGGYYYYXYYYYRRRRXWRWWWWWBXWBBWOOOOXOOOOBRRBXRBBB;;;
GGGRXGRRGYGGYXGYYYYYRYXRRRRWWWWXWWWWOOOOXOOOOBBBBXBBBB;;;
GGGGXGGGGYYYYXRYRRRRRBXRBBRWWWWXWWWWOOOOXOOOOYYBYXBBBB;;;
GGGGXGGGGYYYYXYYYYRRRRXWRWWWWWBXWBBWOOOOXOOOOBRRBXRBBB;;;
GGGGXGGGGYYYBXYBBYRRRRXRRRRWWWWXWWWWOOOOXYOYYBBBOXBOOB;;;
GGGGXGGGGYYYYXYYYYRRRRXRRRRWWWWXBWBBOOOWXOWWOBBBBXOBOO;;;
GGGGXGGGGYYYYXYYYYRRRRXRRRRWWWWXBWBBOOOWXOWWOBBBBXOBOO;;;
YYGYXGGGGOOYOXYYYYRRRRXRRRRWWWWXWWWWOGGOXGOOOBBBBXBBBB;;;
GGGGXGGGGYYYYXYYYYRRRRXBRBBWWWRXWRRWOOOOXOOOOBWWBXWBBB;;;
OOGOXGGGGGGYGXYYYYRRRRXRRRRWWWWXWWWWOYYOXYOOOBBBBXBBBB;;;
GGGYXGYYGYRRYXRYYYGGRGXRRRRWWWWXWWWWOOOOXOOOOBBBBXBBBB;;;
GGGYXGYYGYRRYXRYYYGGRGXRRRRWWWWXWWWWOOOOXOOOOBBBBXBBBB;;;
GGGGXRGRRYYYYXYYYYRWWRXWRRRGGWGXWWWWOOOOXOOOOBBBBXBBBB;;;
GGGGXWGWWYYYYXYYYYRGGRXGRRRRRWRXWWWWOOOOXOOOOBBBBXBBBB;;;
GGGGXGGGGYYYYXRYRRRRRBXRBBRWWWWXWWWWOOOOXOOOOYYBYXBBBB;;;
GGGGXGGGGYYYYXYYYYRRRRXRRRRWWWWXOWOOOOOBXOBBOBBBBXWBWW;;;
GGGGXGGGGYYYYXYYYYRRRRXRRRRWWWWXOWOOOOOBXOBBOBBBBXWBWW;;;
GGGGXGGGGYYYYXBYBBRRRYXRYYRWWWWXWWWWOOOOXOOOORRBRXBBBB;;;
GGGGXRGRRYYYYXYYYYRWWRXWRRRGGWGXWWWWOOOOXOOOOBBBBXBBBB;;;
GGGGXGGGGYYYYXBYBBRRRYXRYYRWWWWXWWWWOOOOXOOOORRBRXBBBB;;;
GGGGXGGGGYYYYXBYBBRRRYXRYYRWWWWXWWWWOOOOXOOOORRBRXBBBB;;;
GGGRXGRRGYGGYXGYYYYYRYXRRRRWWWWXWWWWOOOOXOOOOBBBBXBBBB;;;
GGGGXGGGGYYYYXYYYYRRRRXBRBBWWWRXWRRWOOOOXOOOOBWWBXWBBB;;;
GOOGXOGGGYYYYXYYYYRRRRXRRRRWGGWXGWWWWWOWXOOOOBBBBXBBBB;;;
GGGGXGGGGYYYYXRYRRRRRBXRBBRWWWWXWWWWOOOOXOOOOYYBYXBBBB;;;
GGGYXGYYGYRRYXRYYYGGRGXRRRRWWWWXWWWWOOOOXOOOOBBBBXBBBB;;;
YYGYXGGGGOOYOXYYYYRRRRXRRRRWWWWXWWWWOGGOXGOOOBBBBXBBBB;;;
YYGYXGGGGOOYOXYYYYRRRRXRRRRWWWWXWWWWOGGOXGOOOBBBBXBBBB;;;
YYGYXGGGGOOYOXYYYYRRRRXRRRRWWWWXWWWWOGGOXGOOOBBBBXBBBB;;;
GGGYXGYYGYRRYXRYYYGGRGXRRRRWWWWXWWWWOOOOXOOOOBBBBXBBBB;;;
GGGGXGGGGYYYYXYYYYRRRRXWRWWWWWBXWBBWOOOOXOOOOBRRBXRBBB;;;
OOGOXGGGGGGYGXYYYYRRRRXRRRRWWWWXWWWWOYYOXYOOOBBBBXBBBB;;;
YYGYXGGGGOOYOXYYYYRRRRXRRRRWWWWXWWWWOGGOXGOOOBBBBXBBBB;;;
YYGYXGGGGOOYOXYYYYRRRRXRRRRWWWWXWWWWOGGOXGOOOBBBBXBBBB;;;
GGGGXGGGGYYYYXBYBBRRRYXRYYRWWWWXWWWWOOOOXOOOORRBRXBBBB;;;
GOOGXOGGGYYYYXYYYYRRRRXRRRRWGGWXGWWWWWOWXOOOOBBBBXBBBB;;;
OOGOXGGGGGGYGXYYYYRRRRXRRRRWWWWXWWWWOYYOXYOOOBBBBXBBBB;;;
GGGGXGGGGYYYYXBYBBRRRYXRYYRWWWWXWWWWOOOOXOOOORRBRXBBBB;;;
GGGGXWGWWYYYYXYYYYRGGRXGRRRRRWRXWWWWOOOOXOOOOBBBBXBBBB;;;
GWWGXWGGGYYYYXYYYYRRRRXRRRRWOOWXOWWWGGOGXOOOOBBBBXBBBB;;;
GGGGXGGGGYYYYXYYYYRRRRXRRRRWWWWXBWBBOOOWXOWWOBBBBXOBOO;;;
GGGGXRGRRYYYYXYYYYRWWRXWRRRGGWGXWWWWOOOOXOOOOBBBBXBBBB;;;
YYGYXGGGGOOYOXYYYYRRRRXRRRRWWWWXWWWWOGGOXGOOOBBBBXBBBB;;;
GGGGXGGGGYYYBXYBBYRRRRXRRRRWWWWXWWWWOOOOXYOYYBBBOXBOOB;;;
OOGOXGGGGGGYGXYYYYRRRRXRRRRWWWWXWWWWOYYOXYOOOBBBBXBBBB;;;
GOOGXOGGGYYYYXYYYYRRRRXRRRRWGGWXGWWWWWOWXOOOOBBBBXBBBB;;;
GWWGXWGGGYYYYXYYYYRRRRXRRRRWOOWXOWWWGGOGXOOOOBBBBXBBBB;;;
GOOGXOGGGYYYYXYYYYRRRRXRRRRWGGWXGWWWWWOWXOOOOBBBBXBBBB;;;
GOOGXOGGGYYYYXYYYYRRRRXRRRRWGGWXGWWWWWOWXOOOOBBBBXBBBB;;;
GGGGXGGGGYYYBXYBBYRRRRXRRRRWWWWXWWWWOOOOXYOYYBBBOXBOOB;;;
GGGGXGGGGYYYYXYYYYRRRRXWRWWWWWBXWBBWOOOOXOOOOBRRBXRBBB;;;
OOGOXGGGGGGYGXYYYYRRRRXRRRRWWWWXWWWWOYYOXYOOOBBBBXBBBB;;;
GGGGXGGGGYYYYXYYYYRRRRXRRRRWWWWXOWOOOOOBXOBBOBBBBXWBWW;;;
GGGGXGGGGYYYBXYBBYRRRRXRRRRWWWWXWWWWOOOOXYOYYBBBOXBOOB;;;
GGGGXGGGGYYYBXYBBYRRRRXRRRRWWWWXWWWWOOOOXYOYYBBBOXBOOB;;;
GOOGXOGGGYYYYXYYYYRRRRXRRRRWGGWXGWWWWWOWXOOOOBBBBXBBBB;;;
GWWGXWGGGYYYYXYYYYRRRRXRRRRWOOWXOWWWGGOGXOOOOBBBBXBBBB;;;
GGGGXGGGGYYYYXYYYYRRRRXBRBBWWWRXWRRWOOOOXOOOOBWWBXWBBB;;;
GGGGXGGGGYYYBXYBBYRRRRXRRRRWWWWXWWWWOOOOXYOYYBBBOXBOOB;;;
GGGRXGRRGYGGYXGYYYYYRYXRRRRWWWWXWWWWOOOOXOOOOBBBBXBBBB;;;
GGGGXGGGGYYYOXYOOYRRRRXRRRRWWWWXWWWWOOOOXBOBBBBBYXBYYB;;;
GOOGXOGGGYYYYXYYYYRRRRXRRRRWGGWXGWWWWWOWXOOOOBBBBXBBBB;;;
YYGYXGGGGOOYOXYYYYRRRRXRRRRWWWWXWWWWOGGOXGOOOBBBBXBBBB;;;
GGGGXGGGGYYYYXRYRRRRRBXRBBRWWWWXWWWWOOOOXOOOOYYBYXBBBB;;;
GGGGXGGGGYYYYXYYYYRRRRXWRWWWWWBXWBBWOOOOXOOOOBRRBXRBBB;;;
GGGGXWGWWYYYYXYYYYRGGRXGRRRRRWRXWWWWOOOOXOOOOBBBBXBBBB;;;
GGGGXGGGGYYYYXYYYYRRRRXBRBBWWWRXWRRWOOOOXOOOOBWWBXWBBB;;;
GGGYXGYYGYRRYXRYYYGGRGXRRRRWWWWXWWWWOOOOXOOOOBBBBXBBBB;;;
GWWGXWGGGYYYYXYYYYRRRRXRRRRWOOWXOWWWGGOGXOOOOBBBBXBBBB;;;
OOGOXGGGGGGYGXYYYYRRRRXRRRRWWWWXWWWWOYYOXYOOOBBBBXBBBB;;;
GGGYXGYYGYRRYXRYYYGGRGXRRRRWWWWXWWWWOOOOXOOOOBBBBXBBBB;;;
GGGGXGGGGYYYYXBYBBRRRYXRYYRWWWWXWWWWOOOOXOOOORRBRXBBBB;;;
GGGYXGYYGYRRYXRYYYGGRGXRRRRWWWWXWWWWOOOOXOOOOBBBBXBBBB;;;
GGGGXGGGGYYYYXYYYYRRRRXRRRRWWWWXBWBBOOOWXOWWOBBBBXOBOO;;;
GGGGXGGGGYYYYXRYRRRRRBXRBBRWWWWXWWWWOOOOXOOOOYYBYXBBBB;;;
GGGRXGRRGYGGYXGYYYYYRYXRRRRWWWWXWWWWOOOOXOOOOBBBBXBBBB;;;
GGGGXGGGGYYYOXYOOYRRRRXRRRRWWWWXWWWWOOOOXBOBBBBBYXBYYB;;;
GGGGXGGGGYYYYXYYYYRRRRXWRWWWWWBXWBBWOOOOXOOOOBRRBXRBBB;;;
GGGGXGGGGYYYYXRYRRRRRBXRBBRWWWWXWWWWOOOOXOOOOYYBYXBBBB;;;
OOGOXGGGGGGYGXYYYYRRRRXRRRRWWWWXWWWWOYYOXYOOOBBBBXBBBB;;;
GGGGXWGWWYYYYXYYYYRGGRXGRRRRRWRXWWWWOOOOXOOOOBBBBXBBBB;;;
GGGGXGGGGYYYBXYBBYRRRRXRRRRWWWWXWWWWOOOOXYOYYBBBOXBOOB;;;
GGGGXGGGGYYYYXBYBBRRRYXRYYRWWWWXWWWWOOOOXOOOORRBRXBBBB;;;
GGGGXGGGGYYYBXYBBYRRRRXRRRRWWWWXWWWWOOOOXYOYYBBBOXBOOB;;;
GWWGXWGGGYYYYXYYYYRRRRXRRRRWOOWXOWWWGGOGXOOOOBBBBXBBBB;;;
GGGGXRGRRYYYYXYYYYRWWRXWRRRGGWGXWWWWOOOOXOOOOBBBBXBBBB;;;
GGGGXGGGGYYYYXYYYYRRRRXRRRRWWWWXBWBBOOOWXOWWOBBBBXOBOO;;;
GOOGXOGGGYYYYXYYYYRRRRXRRRRWGGWXGWWWWWOWXOOOOBBBBXBBBB;;;
GGGGXGGGGYYYOXYOOYRRRRXRRRRWWWWXWWWWOOOOXBOBBBBBYXBYYB;;;
GGGGXWGWWYYYYXYYYYRGGRXGRRRRRWRXWWWWOOOOXOOOOBBBBXBBBB;;;
GGGGXWGWWYYYYXYYYYRGGRXGRRRRRWRXWWWWOOOOXOOOOBBBBXBBBB;;;
GWWGXWGGGYYYYXYYYYRRRRXRRRRWOOWXOWWWGGOGXOOOOBBBBXBBBB;;;
GGGGXGGGGYYYYXYYYYRRRRXRRRRWWWWXBWBBOOOWXOWWOBBBBXOBOO;;;
GGGGXGGGGYYYYXYYYYRRRRXRRRRWWWWXOWOOOOOBXOBBOBBBBXWBWW;;;
GGGGXGGGGYYYYXYYYYRRRRXBRBBWWWRXWRRWOOOOXOOOOBWWBXWBBB;;;
GGGGXGGGGYYYYXYYYYRRRRXWRWWWWWBXWBBWOOOOXOOOOBRRBXRBBB;;;
GWWGXWGGGYYYYXYYYYRRRRXRRRRWOOWXOWWWGGOGXOOOOBBBBXBBBB;;;
GGGGXRGRRYYYYXYYYYRWWRXWRRRGGWGXWWWWOOOOXOOOOBBBBXBBBB;;;
GGGGXWGWWYYYYXYYYYRGGRXGRRRRRWRXWWWWOOOOXOOOOBBBBXBBBB;;;
GGGGXWGWWYYYYXYYYYRGGRXGRRRRRWRXWWWWOOOOXOOOOBBBBXBBBB;;;
GGGGXRGRRYYYYXYYYYRWWRXWRRRGGWGXWWWWOOOOXOOOOBBBBXBBBB;;;
GGGGXGGGGYYYOXYOOYRRRRXRRRRWWWWXWWWWOOOOXBOBBBBBYXBYYB;;;
GGGGXGGGGYYYYXYYYYRRRRXBRBBWWWRXWRRWOOOOXOOOOBWWBXWBBB;;;
GGGGXGGGGYYYYXYYYYRRRRXRRRRWWWWXOWOOOOOBXOBBOBBBBXWBWW;;;
GGGGXGGGGYYYYXBYBBRRRYXRYYRWWWWXWWWWOOOOXOOOORRBRXBBBB;;;
GGGGXGGGGYYYYXYYYYRRRRXRRRRWWWWXOWOOOOOBXOBBOBBBBXWBWW;;;
GGGGXGGGGYYYYXYYYYRRRRXWRWWWWWBXWBBWOOOOXOOOOBRRBXRBBB;;;
GGGGXGGGGYYYBXYBBYRRRRXRRRRWWWWXWWWWOOOOXYOYYBBBOXBOOB;;;
GGGGXGGGGYYYYXYYYYRRRRXRRRRWWWWXOWOOOOOBXOBBOBBBBXWBWW;;;
GGGGXGGGGYYYBXYBBYRRRRXRRRRWWWWXWWWWOOOOXYOYYBBBOXBOOB;;;
OOGOXGGGGGGYGXYYYYRRRRXRRRRWWWWXWWWWOYYOXYOOOBBBBXBBBB;;;
GGGGXRGRRYYYYXYYYYRWWRXWRRRGGWGXWWWWOOOOXOOOOBBBBXBBBB;;;
GGGGXWGWWYYYYXYYYYRGGRXGRRRRRWRXWWWWOOOOXOOOOBBBBXBBBB;;;
GGGGXWGWWYYYYXYYYYRGGRXGRRRRRWRXWWWWOOOOXOOOOBBBBXBBBB;;;
GGGGXGGGGYYYYXBYBBRRRYXRYYRWWWWXWWWWOOOOXOOOORRBRXBBBB;;;
GWWGXWGGGYYYYXYYYYRRRRXRRRRWOOWXOWWWGGOGXOOOOBBBBXBBBB;;;
OOGOXGGGGGGYGXYYYYRRRRXRRRRWWWWXWWWWOYYOXYOOOBBBBXBBBB;;;
GWWGXWGGGYYYYXYYYYRRRRXRRRRWOOWXOWWWGGOGXOOOOBBBBXBBBB;;;
GWWGXWGGGYYYYXYYYYRRRRXRRRRWOOWXOWWWGGOGXOOOOBBBBXBBBB;;;
GGGGXGGGGYYYOXYOOYRRRRXRRRRWWWWXWWWWOOOOXBOBBBBBYXBYYB;;;
GOOGXOGGGYYYYXYYYYRRRRXRRRRWGGWXGWWWWWOWXOOOOBBBBXBBBB;;;
GGGGXGGGGYYYOXYOOYRRRRXRRRRWWWWXWWWWOOOOXBOBBBBBYXBYYB;;;
GWWGXWGGGYYYYXYYYYRRRRXRRRRWOOWXOWWWGGOGXOOOOBBBBXBBBB;;;
OOGOXGGGGGGYGXYYYYRRRRXRRRRWWWWXWWWWOYYOXYOOOBBBBXBBBB;;;
GGGGXGGGGYYYYXYYYYRRRRXRRRRWWWWXOWOOOOOBXOBBOBBBBXWBWW;;;
GOOGXOGGGYYYYXYYYYRRRRXRRRRWGGWXGWWWWWOWXOOOOBBBBXBBBB;;;
GGGYXGYYGYRRYXRYYYGGRGXRRRRWWWWXWWWWOOOOXOOOOBBBBXBBBB;;;
YYGYXGGGGOOYOXYYYYRRRRXRRRRWWWWXWWWWOGGOXGOOOBBBBXBBBB;;;
GGGGXGGGGYYYYXRYRRRRRBXRBBRWWWWXWWWWOOOOXOOOOYYBYXBBBB;;;
GWWGXWGGGYYYYXYYYYRRRRXRRRRWOOWXOWWWGGOGXOOOOBBBBXBBBB;;;
OOGOXGGGGGGYGXYYYYRRRRXRRRRWWWWXWWWWOYYOXYOOOBBBBXBBBB;;;
YYGYXGGGGOOYOXYYYYRRRRXRRRRWWWWXWWWWOGGOXGOOOBBBBXBBBB;;;
GGGGXGGGGYYYYXYYYYRRRRXWRWWWWWBXWBBWOOOOXOOOOBRRBXRBBB;;;
YYGYXGGGGOOYOXYYYYRRRRXRRRRWWWWXWWWWOGGOXGOOOBBBBXBBBB;;;
GGGGXWGWWYYYYXYYYYRGGRXGRRRRRWRXWWWWOOOOXOOOOBBBBXBBBB;;;
GGGGXWGWWYYYYXYYYYRGGRXGRRRRRWRXWWWWOOOOXOOOOBBBBXBBBB;;;
GWWGXWGGGYYYYXYYYYRRRRXRRRRWOOWXOWWWGGOGXOOOOBBBBXBBBB;;;
GGGGXGGGGYYYYXYYYYRRRRXBRBBWWWRXWRRWOOOOXOOOOBWWBXWBBB;;;
GGGGXGGGGYYYYXBYBBRRRYXRYYRWWWWXWWWWOOOOXOOOORRBRXBBBB;;;
GGGGXRGRRYYYYXYYYYRWWRXWRRRGGWGXWWWWOOOOXOOOOBBBBXBBBB;;;
GWWGXWGGGYYYYXYYYYRRRRXRRRRWOOWXOWWWGGOGXOOOOBBBBXBBBB;;;
GGGGXWGWWYYYYXYYYYRGGRXGRRRRRWRXWWWWOOOOXOOOOBBBBXBBBB;;;
GGGGXGGGGYYYYXRYRRRRRBXRBBRWWWWXWWWWOOOOXOOOOYYBYXBBBB;;;
GGGGXWGWWYYYYXYYYYRGGRXGRRRRRWRXWWWWOOOOXOOOOBBBBXBBBB;;;
GGGGXGGGGYYYYXYYYYRRRRXRRRRWWWWXOWOOOOOBXOBBOBBBBXWBWW;;;
GOOGXOGGGYYYYXYYYYRRRRXRRRRWGGWXGWWWWWOWXOOOOBBBBXBBBB;;;
YYGYXGGGGOOYOXYYYYRRRRXRRRRWWWWXWWWWOGGOXGOOOBBBBXBBBB;;;
GGGGXGGGGYYYYXYYYYRRRRXRRRRWWWWXBWBBOOOWXOWWOBBBBXOBOO;;;
GGGGXGGGGYYYYXBYBBRRRYXRYYRWWWWXWWWWOOOOXOOOORRBRXBBBB;;;
GGGGXWGWWYYYYXYYYYRGGRXGRRRRRWRXWWWWOOOOXOOOOBBBBXBBBB;;;
GGGGXGGGGYYYBXYBBYRRRRXRRRRWWWWXWWWWOOOOXYOYYBBBOXBOOB;;;
GGGRXGRRGYGGYXGYYYYYRYXRRRRWWWWXWWWWOOOOXOOOOBBBBXBBBB;;;
GGGGXGGGGYYYYXBYBBRRRYXRYYRWWWWXWWWWOOOOXOOOORRBRXBBBB;;;
GGGGXGGGGYYYYXYYYYRRRRXRRRRWWWWXOWOOOOOBXOBBOBBBBXWBWW;;;
GWWGXWGGGYYYYXYYYYRRRRXRRRRWOOWXOWWWGGOGXOOOOBBBBXBBBB;;;
GGGGXWGWWYYYYXYYYYRGGRXGRRRRRWRXWWWWOOOOXOOOOBBBBXBBBB;;;
GGGGXRGRRYYYYXYYYYRWWRXWRRRGGWGXWWWWOOOOXOOOOBBBBXBBBB;;;
GGGGXWGWWYYYYXYYYYRGGRXGRRRRRWRXWWWWOOOOXOOOOBBBBXBBBB;;;
GOOGXOGGGYYYYXYYYYRRRRXRRRRWGGWXGWWWWWOWXOOOOBBBBXBBBB;;;
GGGGXGGGGYYYYXYYYYRRRRXRRRRWWWWXBWBBOOOWXOWWOBBBBXOBOO;;;
GGGGXGGGGYYYYXYYYYRRRRXWRWWWWWBXWBBWOOOOXOOOOBRRBXRBBB;;;
GGGGXGGGGYYYBXYBBYRRRRXRRRRWWWWXWWWWOOOOXYOYYBBBOXBOOB;;;
GGGGXGGGGYYYYXYYYYRRRRXRRRRWWWWXBWBBOOOWXOWWOBBBBXOBOO;;;
GGGGXGGGGYYYYXYYYYRRRRXRRRRWWWWXBWBBOOOWXOWWOBBBBXOBOO;;;
GGGGXGGGGYYYYXYYYYRRRRXWRWWWWWBXWBBWOOOOXOOOOBRRBXRBBB;;;
GWWGXWGGGYYYYXYYYYRRRRXRRRRWOOWXOWWWGGOGXOOOOBBBBXBBBB;;;
GGGGXGGGGYYYYXRYRRRRRBXRBBRWWWWXWWWWOOOOXOOOOYYBYXBBBB;;;
GGGYXGYYGYRRYXRYYYGGRGXRRRRWWWWXWWWWOOOOXOOOOBBBBXBBBB;;;
GGGGXGGGGYYYYXYYYYRRRRXRRRRWWWWXOWOOOOOBXOBBOBBBBXWBWW;;;
GGGYXGYYGYRRYXRYYYGGRGXRRRRWWWWXWWWWOOOOXOOOOBBBBXBBBB;;;
GGGGXGGGGYYYYXYYYYRRRRXRRRRWWWWXOWOOOOOBXOBBOBBBBXWBWW;;;
GGGGXGGGGYYYYXYYYYRRRRXBRBBWWWRXWRRWOOOOXOOOOBWWBXWBBB;;;
GGGYXGYYGYRRYXRYYYGGRGXRRRRWWWWXWWWWOOOOXOOOOBBBBXBBBB;;;
GGGRXGRRGYGGYXGYYYYYRYXRRRRWWWWXWWWWOOOOXOOOOBBBBXBBBB;;;
YYGYXGGGGOOYOXYYYYRRRRXRRRRWWWWXWWWWOGGOXGOOOBBBBXBBBB;;;
GGGGXGGGGYYYYXYYYYRRRRXWRWWWWWBXWBBWOOOOXOOOOBRRBXRBBB;;;
GGGGXGGGGYYYYXRYRRRRRBXRBBRWWWWXWWWWOOOOXOOOOYYBYXBBBB;;;
GWWGXWGGGYYYYXYYYYRRRRXRRRRWOOWXOWWWGGOGXOOOOBBBBXBBBB;;;
GGGGXGGGGYYYYXRYRRRRRBXRBBRWWWWXWWWWOOOOXOOOOYYBYXBBBB;;;
GGGGXGGGGYYYYXYYYYRRRRXRRRRWWWWXOWOOOOOBXOBBOBBBBXWBWW;;;
GGGGXGGGGYYYYXRYRRRRRBXRBBRWWWWXWWWWOOOOXOOOOYYBYXBBBB;;;
GGGGXGGGGYYYYXBYBBRRRYXRYYRWWWWXWWWWOOOOXOOOORRBRXBBBB;;;
GGGGXGGGGYYYYXYYYYRRRRXWRWWWWWBXWBBWOOOOXOOOOBRRBXRBBB;;;
GGGYXGYYGYRRYXRYYYGGRGXRRRRWWWWXWWWWOOOOXOOOOBBBBXBBBB;;;
GGGGXGGGGYYYYXYYYYRRRRXWRWWWWWBXWBBWOOOOXOOOOBRRBXRBBB;;;
GGGGXGGGGYYYOXYOOYRRRRXRRRRWWWWXWWWWOOOOXBOBBBBBYXBYYB;;;
GGGGXGGGGYYYYXYYYYRRRRXWRWWWWWBXWBBWOOOOXOOOOBRRBXRBBB;;;
GGGGXGGGGYYYBXYBBYRRRRXRRRRWWWWXWWWWOOOOXYOYYBBBOXBOOB;;;
GGGRXGRRGYGGYXGYYYYYRYXRRRRWWWWXWWWWOOOOXOOOOBBBBXBBBB;;;
GGGGXGGGGYYYYXYYYYRRRRXBRBBWWWRXWRRWOOOOXOOOOBWWBXWBBB;;;
OOGOXGGGGGGYGXYYYYRRRRXRRRRWWWWXWWWWOYYOXYOOOBBBBXBBBB;;;
GGGGXGGGGYYYYXYYYYRRRRXRRRRWWWWXBWBBOOOWXOWWOBBBBXOBOO;;;
GGGGXGGGGYYYYXBYBBRRRYXRYYRWWWWXWWWWOOOOXOOOORRBRXBBBB;;;
GGGGXGGGGYYYYXYYYYRRRRXRRRRWWWWXOWOOOOOBXOBBOBBBBXWBWW;;;
GGGGXGGGGYYYBXYBBYRRRRXRRRRWWWWXWWWWOOOOXYOYYBBBOXBOOB;;;
GGGGXGGGGYYYBXYBBYRRRRXRRRRWWWWXWWWWOOOOXYOYYBBBOXBOOB;;;
GGGGXWGWWYYYYXYYYYRGGRXGRRRRRWRXWWWWOOOOXOOOOBBBBXBBBB;;;
GGGGXGGGGYYYYXYYYYRRRRXRRRRWWWWXBWBBOOOWXOWWOBBBBXOBOO;;;
GGGGXGGGGYYYYXYYYYRRRRXBRBBWWWRXWRRWOOOOXOOOOBWWBXWBBB;;;
GGGRXGRRGYGGYXGYYYYYRYXRRRRWWWWXWWWWOOOOXOOOOBBBBXBBBB;;;
GGGGXGGGGYYYYXYYYYRRRRXWRWWWWWBXWBBWOOOOXOOOOBRRBXRBBB;;;
GGGYXGYYGYRRYXRYYYGGRGXRRRRWWWWXWWWWOOOOXOOOOBBBBXBBBB;;;
GGGGXGGGGYYYYXYYYYRRRRXWRWWWWWBXWBBWOOOOXOOOOBRRBXRBBB;;;
YYGYXGGGGOOYOXYYYYRRRRXRRRRWWWWXWWWWOGGOXGOOOBBBBXBBBB;;;
OOGOXGGGGGGYGXYYYYRRRRXRRRRWWWWXWWWWOYYOXYOOOBBBBXBBBB;;;
GGGYXGYYGYRRYXRYYYGGRGXRRRRWWWWXWWWWOOOOXOOOOBBBBXBBBB;;;
GGGGXGGGGYYYOXYOOYRRRRXRRRRWWWWXWWWWOOOOXBOBBBBBYXBYYB;;;
GGGGXRGRRYYYYXYYYYRWWRXWRRRGGWGXWWWWOOOOXOOOOBBBBXBBBB;;;
GGGGXWGWWYYYYXYYYYRGGRXGRRRRRWRXWWWWOOOOXOOOOBBBBXBBBB;;;
GGGGXWGWWYYYYXYYYYRGGRXGRRRRRWRXWWWWOOOOXOOOOBBBBXBBBB;;;
GGGGXGGGGYYYYXYYYYRRRRXRRRRWWWWXBWBBOOOWXOWWOBBBBXOBOO;;;
GWWGXWGGGYYYYXYYYYRRRRXRRRRWOOWXOWWWGGOGXOOOOBBBBXBBBB;;;
GGGRXGRRGYGGYXGYYYYYRYXRRRRWWWWXWWWWOOOOXOOOOBBBBXBBBB;;;
GGGGXGGGGYYYOXYOOYRRRRXRRRRWWWWXWWWWOOOOXBOBBBBBYXBYYB;;;
GGGGXGGGGYYYYXYYYYRRRRXBRBBWWWRXWRRWOOOOXOOOOBWWBXWBBB;;;
YYGYXGGGGOOYOXYYYYRRRRXRRRRWWWWXWWWWOGGOXGOOOBBBBXBBBB;;;
YYGYXGGGGOOYOXYYYYRRRRXRRRRWWWWXWWWWOGGOXGOOOBBBBXBBBB;;;
GGGGXGGGGYYYYXRYRRRRRBXRBBRWWWWXWWWWOOOOXOOOOYYBYXBBBB;;;
GGGGXGGGGYYYYXBYBBRRRYXRYYRWWWWXWWWWOOOOXOOOORRBRXBBBB;;;
GGGGXGGGGYYYYXYYYYRRRRXWRWWWWWBXWBBWOOOOXOOOOBRRBXRBBB;;;
GGGGXGGGGYYYYXYYYYRRRRXRRRRWWWWXBWBBOOOWXOWWOBBBBXOBOO;;;
OOGOXGGGGGGYGXYYYYRRRRXRRRRWWWWXWWWWOYYOXYOOOBBBBXBBBB;;;
GGGYXGYYGYRRYXRYYYGGRGXRRRRWWWWXWWWWOOOOXOOOOBBBBXBBBB;;;
GOOGXOGGGYYYYXYYYYRRRRXRRRRWGGWXGWWWWWOWXOOOOBBBBXBBBB;;;
GGGGXGGGGYYYYXRYRRRRRBXRBBRWWWWXWWWWOOOOXOOOOYYBYXBBBB;;;
GGGGXGGGGYYYYXYYYYRRRRXBRBBWWWRXWRRWOOOOXOOOOBWWBXWBBB;;;
GGGGXGGGGYYYYXYYYYRRRRXRRRRWWWWXBWBBOOOWXOWWOBBBBXOBOO;;;
GWWGXWGGGYYYYXYYYYRRRRXRRRRWOOWXOWWWGGOGXOOOOBBBBXBBBB;;;
GGGGXWGWWYYYYXYYYYRGGRXGRRRRRWRXWWWWOOOOXOOOOBBBBXBBBB;;;
GGGGXGGGGYYYBXYBBYRRRRXRRRRWWWWXWWWWOOOOXYOYYBBBOXBOOB;;;
GGGGXGGGGYYYYXRYRRRRRBXRBBRWWWWXWWWWOOOOXOOOOYYBYXBBBB;;;
YYGYXGGGGOOYOXYYYYRRRRXRRRRWWWWXWWWWOGGOXGOOOBBBBXBBBB;;;
GGGGXRGRRYYYYXYYYYRWWRXWRRRGGWGXWWWWOOOOXOOOOBBBBXBBBB;;;
GGGGXGGGGYYYBXYBBYRRRRXRRRRWWWWXWWWWOOOOXYOYYBBBOXBOOB;;;
GWWGXWGGGYYYYXYYYYRRRRXRRRRWOOWXOWWWGGOGXOOOOBBBBXBBBB;;;
GGGGXGGGGYYYYXBYBBRRRYXRYYRWWWWXWWWWOOOOXOOOORRBRXBBBB;;;
OOGOXGGGGGGYGXYYYYRRRRXRRRRWWWWXWWWWOYYOXYOOOBBBBXBBBB;;;
YYGYXGGGGOOYOXYYYYRRRRXRRRRWWWWXWWWWOGGOXGOOOBBBBXBBBB;;;
GGGGXGGGGYYYYXYYYYRRRRXWRWWWWWBXWBBWOOOOXOOOOBRRBXRBBB;;;
GGGGXGGGGYYYYXYYYYRRRRXWRWWWWWBXWBBWOOOOXOOOOBRRBXRBBB;;;
GOOGXOGGGYYYYXYYYYRRRRXRRRRWGGWXGWWWWWOWXOOOOBBBBXBBBB;;;
GGGGXGGGGYYYYXRYRRRRRBXRBBRWWWWXWWWWOOOOXOOOOYYBYXBBBB;;;
GGGGXGGGGYYYYXYYYYRRRRXWRWWWWWBXWBBWOOOOXOOOOBRRBXRBBB;;;
GGGGXGGGGYYYBXYBBYRRRRXRRRRWWWWXWWWWOOOOXYOYYBBBOXBOOB;;;
GGGGXGGGGYYYYXYYYYRRRRXBRBBWWWRXWRRWOOOOXOOOOBWWBXWBBB;;;
OOGOXGGGGGGYGXYYYYRRRRXRRRRWWWWXWWWWOYYOXYOOOBBBBXBBBB;;;
GGGGXGGGGYYYYXRYRRRRRBXRBBRWWWWXWWWWOOOOXOOOOYYBYXBBBB;;;
GOOGXOGGGYYYYXYYYYRRRRXRRRRWGGWXGWWWWWOWXOOOOBBBBXBBBB;;;
GGGGXRGRRYYYYXYYYYRWWRXWRRRGGWGXWWWWOOOOXOOOOBBBBXBBBB;;;
GGGYXGYYGYRRYXRYYYGGRGXRRRRWWWWXWWWWOOOOXOOOOBBBBXBBBB;;;
GGGGXRGRRYYYYXYYYYRWWRXWRRRGGWGXWWWWOOOOXOOOOBBBBXBBBB;;;
GGGGXGGGGYYYBXYBBYRRRRXRRRRWWWWXWWWWOOOOXYOYYBBBOXBOOB;;;
GGGRXGRRGYGGYXGYYYYYRYXRRRRWWWWXWWWWOOOOXOOOOBBBBXBBBB;;;
GGGYXGYYGYRRYXRYYYGGRGXRRRRWWWWXWWWWOOOOXOOOOBBBBXBBBB;;;
GGGGXGGGGYYYYXBYBBRRRYXRYYRWWWWXWWWWOOOOXOOOORRBRXBBBB;;;
GGGGXGGGGYYYOXYOOYRRRRXRRRRWWWWXWWWWOOOOXBOBBBBBYXBYYB;;;
GOOGXOGGGYYYYXYYYYRRRRXRRRRWGGWXGWWWWWOWXOOOOBBBBXBBBB;;;
GGGGXGGGGYYYYXYYYYRRRRXBRBBWWWRXWRRWOOOOXOOOOBWWBXWBBB;;;
GGGGXGGGGYYYYXYYYYRRRRXBRBBWWWRXWRRWOOOOXOOOOBWWBXWBBB;;;
OOGOXGGGGGGYGXYYYYRRRRXRRRRWWWWXWWWWOYYOXYOOOBBBBXBBBB;;;
GGGGXGGGGYYYYXYYYYRRRRXRRRRWWWWXOWOOOOOBXOBBOBBBBXWBWW;;;
GGGGXGGGGYYYYXRYRRRRRBXRBBRWWWWXWWWWOOOOXOOOOYYBYXBBBB;;;
GGGGXRGRRYYYYXYYYYRWWRXWRRRGGWGXWWWWOOOOXOOOOBBBBXBBBB;;;
GWWGXWGGGYYYYXYYYYRRRRXRRRRWOOWXOWWWGGOGXOOOOBBBBXBBBB;;;
GGGGXGGGGYYYYXRYRRRRRBXRBBRWWWWXWWWWOOOOXOOOOYYBYXBBBB;;;
GGGGXWGWWYYYYXYYYYRGGRXGRRRRRWRXWWWWOOOOXOOOOBBBBXBBBB;;;
GOOGXOGGGYYYYXYYYYRRRRXRRRRWGGWXGWWWWWOWXOOOOBBBBXBBBB;;;
GGGGXRGRRYYYYXYYYYRWWRXWRRRGGWGXWWWWOOOOXOOOOBBBBXBBBB;;;
GGGGXGGGGYYYYXYYYYRRRRXBRBBWWWRXWRRWOOOOXOOOOBWWBXWBBB;;;
GGGGXGGGGYYYYXYYYYRRRRXRRRRWWWWXOWOOOOOBXOBBOBBBBXWBWW;;;
GGGRXGRRGYGGYXGYYYYYRYXRRRRWWWWXWWWWOOOOXOOOOBBBBXBBBB;;;
GGGGXGGGGYYYYXYYYYRRRRXRRRRWWWWXBWBBOOOWXOWWOBBBBXOBOO;;;
GWWGXWGGGYYYYXYYYYRRRRXRRRRWOOWXOWWWGGOGXOOOOBBBBXBBBB;;;
GGGGXGGGGYYYYXYYYYRRRRXWRWWWWWBXWBBWOOOOXOOOOBRRBXRBBB;;;
GGGGXGGGGYYYYXRYRRRRRBXRBBRWWWWXWWWWOOOOXOOOOYYBYXBBBB;;;
GGGRXGRRGYGGYXGYYYYYRYXRRRRWWWWXWWWWOOOOXOOOOBBBBXBBBB;;;
GGGGXGGGGYYYBXYBBYRRRRXRRRRWWWWXWWWWOOOOXYOYYBBBOXBOOB;;;
GOOGXOGGGYYYYXYYYYRRRRXRRRRWGGWXGWWWWWOWXOOOOBBBBXBBBB;;;
GGGGXGGGGYYYOXYOOYRRRRXRRRRWWWWXWWWWOOOOXBOBBBBBYXBYYB;;;
GGGRXGRRGYGGYXGYYYYYRYXRRRRWWWWXWWWWOOOOXOOOOBBBBXBBBB;;;
GGGGXGGGGYYYOXYOOYRRRRXRRRRWWWWXWWWWOOOOXBOBBBBBYXBYYB;;;
GGGYXGYYGYRRYXRYYYGGRGXRRRRWWWWXWWWWOOOOXOOOOBBBBXBBBB;;;
GWWGXWGGGYYYYXYYYYRRRRXRRRRWOOWXOWWWGGOGXOOOOBBBBXBBBB;;;
GGGGXGGGGYYYYXYYYYRRRRXBRBBWWWRXWRRWOOOOXOOOOBWWBXWBBB;;;
OOGOXGGGGGGYGXYYYYRRRRXRRRRWWWWXWWWWOYYOXYOOOBBBBXBBBB;;;
GOOGXOGGGYYYYXYYYYRRRRXRRRRWGGWXGWWWWWOWXOOOOBBBBXBBBB;;;
GGGGXGGGGYYYYXBYBBRRRYXRYYRWWWWXWWWWOOOOXOOOORRBRXBBBB;;;
GWWGXWGGGYYYYXYYYYRRRRXRRRRWOOWXOWWWGGOGXOOOOBBBBXBBBB;;;
GGGGXRGRRYYYYXYYYYRWWRXWRRRGGWGXWWWWOOOOXOOOOBBBBXBBBB;;;
GGGGXRGRRYYYYXYYYYRWWRXWRRRGGWGXWWWWOOOOXOOOOBBBBXBBBB;;;
GOOGXOGGGYYYYXYYYYRRRRXRRRRWGGWXGWWWWWOWXOOOOBBBBXBBBB;;;
GGGGXGGGGYYYYXYYYYRRRRXBRBBWWWRXWRRWOOOOXOOOOBWWBXWBBB;;;
GGGRXGRRGYGGYXGYYYYYRYXRRRRWWWWXWWWWOOOOXOOOOBBBBXBBBB;;;
GGGGXGGGGYYYOXYOOYRRRRXRRRRWWWWXWWWWOOOOXBOBBBBBYXBYYB;;;
GGGYXGYYGYRRYXRYYYGGRGXRRRRWWWWXWWWWOOOOXOOOOBBBBXBBBB;;;
GGGGXGGGGYYYOXYOOYRRRRXRRRRWWWWXWWWWOOOOXBOBBBBBYXBYYB;;;
GGGGXGGGGYYYYXYYYYRRRRXRRRRWWWWXOWOOOOOBXOBBOBBBBXWBWW;;;
GGGGXGGGGYYYYXYYYYRRRRXWRWWWWWBXWBBWOOOOXOOOOBRRBXRBBB;;;
GGGGXGGGGYYYYXRYRRRRRBXRBBRWWWWXWWWWOOOOXOOOOYYBYXBBBB;;;
OOGOXGGGGGGYGXYYYYRRRRXRRRRWWWWXWWWWOYYOXYOOOBBBBXBBBB;;;
GGGGXGGGGYYYYXBYBBRRRYXRYYRWWWWXWWWWOOOOXOOOORRBRXBBBB;;;
GWWGXWGGGYYYYXYYYYRRRRXRRRRWOOWXOWWWGGOGXOOOOBBBBXBBBB;;;
GGGGXRGRRYYYYXYYYYRWWRXWRRRGGWGXWWWWOOOOXOOOOBBBBXBBBB;;;
GGGGXGGGGYYYYXYYYYRRRRXBRBBWWWRXWRRWOOOOXOOOOBWWBXWBBB;;;
YYGYXGGGGOOYOXYYYYRRRRXRRRRWWWWXWWWWOGGOXGOOOBBBBXBBBB;;;
GGGGXGGGGYYYYXYYYYRRRRXRRRRWWWWXBWBBOOOWXOWWOBBBBXOBOO;;;
GOOGXOGGGYYYYXYYYYRRRRXRRRRWGGWXGWWWWWOWXOOOOBBBBXBBBB;;;
GGGGXGGGGYYYYXYYYYRRRRXBRBBWWWRXWRRWOOOOXOOOOBWWBXWBBB;;;
GGGGXGGGGYYYYXYYYYRRRRXBRBBWWWRXWRRWOOOOXOOOOBWWBXWBBB;;;
GGGGXGGGGYYYBXYBBYRRRRXRRRRWWWWXWWWWOOOOXYOYYBBBOXBOOB;;;
GGGGXGGGGYYYYXBYBBRRRYXRYYRWWWWXWWWWOOOOXOOOORRBRXBBBB;;;
GGGGXGGGGYYYYXYYYYRRRRXWRWWWWWBXWBBWOOOOXOOOOBRRBXRBBB;;;
GGGGXGGGGYYYYXRYRRRRRBXRBBRWWWWXWWWWOOOOXOOOOYYBYXBBBB;;;
GGGGXGGGGYYYYXRYRRRRRBXRBBRWWWWXWWWWOOOOXOOOOYYBYXBBBB;;;
GGGGXGGGGYYYYXYYYYRRRRXRRRRWWWWXOWOOOOOBXOBBOBBBBXWBWW;;;
YYGYXGGGGOOYOXYYYYRRRRXRRRRWWWWXWWWWOGGOXGOOOBBBBXBBBB;;;
GGGGXGGGGYYYYXBYBBRRRYXRYYRWWWWXWWWWOOOOXOOOORRBRXBBBB;;;
GGGGXGGGGYYYYXRYRRRRRBXRBBRWWWWXWWWWOOOOXOOOOYYBYXBBBB;;;
GGGGXGGGGYYYYXBYBBRRRYXRYYRWWWWXWWWWOOOOXOOOORRBRXBBBB;;;
GGGYXGYYGYRRYXRYYYGGRGXRRRRWWWWXWWWWOOOOXOOOOBBBBXBBBB;;;
OOGOXGGGGGGYGXYYYYRRRRXRRRRWWWWXWWWWOYYOXYOOOBBBBXBBBB;;;
GGGGXGGGGYYYBXYBBYRRRRXRRRRWWWWXWWWWOOOOXYOYYBBBOXBOOB;;;
YYGYXGGGGOOYOXYYYYRRRRXRRRRWWWWXWWWWOGGOXGOOOBBBBXBBBB;;;
GGGGXGGGGYYYYXYYYYRRRRXWRWWWWWBXWBBWOOOOXOOOOBRRBXRBBB;;;
GGGGXGGGGYYYYXRYRRRRRBXRBBRWWWWXWWWWOOOOXOOOOYYBYXBBBB;;;
GGGGXGGGGYYYYXYYYYRRRRXWRWWWWWBXWBBWOOOOXOOOOBRRBXRBBB;;;
GGGRXGRRGYGGYXGYYYYYRYXRRRRWWWWXWWWWOOOOXOOOOBBBBXBBBB;;;
GGGGXGGGGYYYYXYYYYRRRRXBRBBWWWRXWRRWOOOOXOOOOBWWBXWBBB;;;
GGGGXGGGGYYYYXBYBBRRRYXRYYRWWWWXWWWWOOOOXOOOORRBRXBBBB;;;
GGGGXGGGGYYYYXYYYYRRRRXBRBBWWWRXWRRWOOOOXOOOOBWWBXWBBB;;;
GGGGXGGGGYYYYXBYBBRRRYXRYYRWWWWXWWWWOOOOXOOOORRBRXBBBB;;;
GGGGXGGGGYYYBXYBBYRRRRXRRRRWWWWXWWWWOOOOXYOYYBBBOXBOOB;;;
GOOGXOGGGYYYYXYYYYRRRRXRRRRWGGWXGWWWWWOWXOOOOBBBBXBBBB;;;
GWWGXWGGGYYYYXYYYYRRRRXRRRRWOOWXOWWWGGOGXOOOOBBBBXBBBB;;;
GGGGXGGGGYYYYXYYYYRRRRXRRRRWWWWXOWOOOOOBXOBBOBBBBXWBWW;;;
GGGGXGGGGYYYYXYYYYRRRRXBRBBWWWRXWRRWOOOOXOOOOBWWBXWBBB;;;
GGGGXGGGGYYYYXYYYYRRRRXRRRRWWWWXOWOOOOOBXOBBOBBBBXWBWW;;;
GGGGXGGGGYYYYXYYYYRRRRXBRBBWWWRXWRRWOOOOXOOOOBWWBXWBBB;;;
GGGGXGGGGYYYYXYYYYRRRRXRRRRWWWWXOWOOOOOBXOBBOBBBBXWBWW;;;
GGGGXGGGGYYYYXBYBBRRRYXRYYRWWWWXWWWWOOOOXOOOORRBRXBBBB;;;
GGGGXGGGGYYYYXYYYYRRRRXRRRRWWWWXBWBBOOOWXOWWOBBBBXOBOO;;;
YYGYXGGGGOOYOXYYYYRRRRXRRRRWWWWXWWWWOGGOXGOOOBBBBXBBBB;;;
GGGGXGGGGYYYYXYYYYRRRRXBRBBWWWRXWRRWOOOOXOOOOBWWBXWBBB;;;
GGGGXGGGGYYYYXYYYYRRRRXWRWWWWWBXWBBWOOOOXOOOOBRRBXRBBB;;;
GGGRXGRRGYGGYXGYYYYYRYXRRRRWWWWXWWWWOOOOXOOOOBBBBXBBBB;;;
GGGYXGYYGYRRYXRYYYGGRGXRRRRWWWWXWWWWOOOOXOOOOBBBBXBBBB;;;
GGGGXRGRRYYYYXYYYYRWWRXWRRRGGWGXWWWWOOOOXOOOOBBBBXBBBB;;;
GGGGXGGGGYYYYXBYBBRRRYXRYYRWWWWXWWWWOOOOXOOOORRBRXBBBB;;;
GOOGXOGGGYYYYXYYYYRRRRXRRRRWGGWXGWWWWWOWXOOOOBBBBXBBBB;;;
GGGGXGGGGYYYYXYYYYRRRRXRRRRWWWWXBWBBOOOWXOWWOBBBBXOBOO;;;
GGGYXGYYGYRRYXRYYYGGRGXRRRRWWWWXWWWWOOOOXOOOOBBBBXBBBB;;;
GGGYXGYYGYRRYXRYYYGGRGXRRRRWWWWXWWWWOOOOXOOOOBBBBXBBBB;;;
GWWGXWGGGYYYYXYYYYRRRRXRRRRWOOWXOWWWGGOGXOOOOBBBBXBBBB;;;
GGGGXGGGGYYYOXYOOYRRRRXRRRRWWWWXWWWWOOOOXBOBBBBBYXBYYB;;;
GGGGXGGGGYYYYXYYYYRRRRXRRRRWWWWXOWOOOOOBXOBBOBBBBXWBWW;;;
GGGGXGGGGYYYBXYBBYRRRRXRRRRWWWWXWWWWOOOOXYOYYBBBOXBOOB;;;
GGGGXWGWWYYYYXYYYYRGGRXGRRRRRWRXWWWWOOOOXOOOOBBBBXBBBB;;;
GGGGXGGGGYYYYXYYYYRRRRXRRRRWWWWXBWBBOOOWXOWWOBBBBXOBOO;;;
YYGYXGGGGOOYOXYYYYRRRRXRRRRWWWWXWWWWOGGOXGOOOBBBBXBBBB;;;
GGGGXGGGGYYYYXYYYYRRRRXWRWWWWWBXWBBWOOOOXOOOOBRRBXRBBB;;;
GGGRXGRRGYGGYXGYYYYYRYXRRRRWWWWXWWWWOOOOXOOOOBBBBXBBBB;;;
GGGGXGGGGYYYYXBYBBRRRYXRYYRWWWWXWWWWOOOOXOOOORRBRXBBBB;;;
GGGGXGGGGYYYYXRYRRRRRBXRBBRWWWWXWWWWOOOOXOOOOYYBYXBBBB;;;
OOGOXGGGGGGYGXYYYYRRRRXRRRRWWWWXWWWWOYYOXYOOOBBBBXBBBB;;;
GGGGXGGGGYYYOXYOOYRRRRXRRRRWWWWXWWWWOOOOXBOBBBBBYXBYYB;;;
GGGGXGGGGYYYYXYYYYRRRRXRRRRWWWWXOWOOOOOBXOBBOBBBBXWBWW;;;
YYGYXGGGGOOYOXYYYYRRRRXRRRRWWWWXWWWWOGGOXGOOOBBBBXBBBB;;;
GGGGXGGGGYYYYXYYYYRRRRXRRRRWWWWXBWBBOOOWXOWWOBBBBXOBOO;;;
GGGRXGRRGYGGYXGYYYYYRYXRRRRWWWWXWWWWOOOOXOOOOBBBBXBBBB;;;
GGGGXGGGGYYYBXYBBYRRRRXRRRRWWWWXWWWWOOOOXYOYYBBBOXBOOB;;;
GGGGXGGGGYYYYXYYYYRRRRXRRRRWWWWXOWOOOOOBXOBBOBBBBXWBWW;;;
GGGYXGYYGYRRYXRYYYGGRGXRRRRWWWWXWWWWOOOOXOOOOBBBBXBBBB;;;
GGGGXGGGGYYYOXYOOYRRRRXRRRRWWWWXWWWWOOOOXBOBBBBBYXBYYB;;;
GGGGXGGGGYYYYXYYYYRRRRXRRRRWWWWXOWOOOOOBXOBBOBBBBXWBWW;;;
GGGYXGYYGYRRYXRYYYGGRGXRRRRWWWWXWWWWOOOOXOOOOBBBBXBBBB;;;
GGGGXGGGGYYYYXYYYYRRRRXRRRRWWWWXBWBBOOOWXOWWOBBBBXOBOO;;;
GGGGXGGGGYYYBXYBBYRRRRXRRRRWWWWXWWWWOOOOXYOYYBBBOXBOOB;;;
GGGGXGGGGYYYYXRYRRRRRBXRBBRWWWWXWWWWOOOOXOOOOYYBYXBBBB;;;
GGGGXWGWWYYYYXYYYYRGGRXGRRRRRWRXWWWWOOOOXOOOOBBBBXBBBB;;;
GGGGXGGGGYYYYXBYBBRRRYXRYYRWWWWXWWWWOOOOXOOOORRBRXBBBB;;;
GGGYXGYYGYRRYXRYYYGGRGXRRRRWWWWXWWWWOOOOXOOOOBBBBXBBBB;;;
GGGGXGGGGYYYYXRYRRRRRBXRBBRWWWWXWWWWOOOOXOOOOYYBYXBBBB;;;
GOOGXOGGGYYYYXYYYYRRRRXRRRRWGGWXGWWWWWOWXOOOOBBBBXBBBB;;;
GGGGXGGGGYYYYXYYYYRRRRXRRRRWWWWXBWBBOOOWXOWWOBBBBXOBOO;;;
GWWGXWGGGYYYYXYYYYRRRRXRRRRWOOWXOWWWGGOGXOOOOBBBBXBBBB;;;
GOOGXOGGGYYYYXYYYYRRRRXRRRRWGGWXGWWWWWOWXOOOOBBBBXBBBB;;;
GGGRXGRRGYGGYXGYYYYYRYXRRRRWWWWXWWWWOOOOXOOOOBBBBXBBBB;;;
GWWGXWGGGYYYYXYYYYRRRRXRRRRWOOWXOWWWGGOGXOOOOBBBBXBBBB;;;
GGGGXWGWWYYYYXYYYYRGGRXGRRRRRWRXWWWWOOOOXOOOOBBBBXBBBB;;;
GGGGXGGGGYYYYXYYYYRRRRXRRRRWWWWXOWOOOOOBXOBBOBBBBXWBWW;;;
YYGYXGGGGOOYOXYYYYRRRRXRRRRWWWWXWWWWOGGOXGOOOBBBBXBBBB;;;
GGGGXWGWWYYYYXYYYYRGGRXGRRRRRWRXWWWWOOOOXOOOOBBBBXBBBB;;;
GGGGXGGGGYYYYXBYBBRRRYXRYYRWWWWXWWWWOOOOXOOOORRBRXBBBB;;;
GGGGXGGGGYYYYXYYYYRRRRXBRBBWWWRXWRRWOOOOXOOOOBWWBXWBBB;;;
YYGYXGGGGOOYOXYYYYRRRRXRRRRWWWWXWWWWOGGOXGOOOBBBBXBBBB;;;
GGGGXRGRRYYYYXYYYYRWWRXWRRRGGWGXWWWWOOOOXOOOOBBBBXBBBB;;;
GGGGXGGGGYYYYXBYBBRRRYXRYYRWWWWXWWWWOOOOXOOOORRBRXBBBB;;;
GWWGXWGGGYYYYXYYYYRRRRXRRRRWOOWXOWWWGGOGXOOOOBBBBXBBBB;;;
GGGGXGGGGYYYYXYYYYRRRRXWRWWWWWBXWBBWOOOOXOOOOBRRBXRBBB;;;
GGGGXGGGGYYYYXYYYYRRRRXRRRRWWWWXOWOOOOOBXOBBOBBBBXWBWW;;;
YYGYXGGGGOOYOXYYYYRRRRXRRRRWWWWXWWWWOGGOXGOOOBBBBXBBBB;;;
GWWGXWGGGYYYYXYYYYRRRRXRRRRWOOWXOWWWGGOGXOOOOBBBBXBBBB;;;
YYGYXGGGGOOYOXYYYYRRRRXRRRRWWWWXWWWWOGGOXGOOOBBBBXBBBB;;;
GGGGXGGGGYYYYXYYYYRRRRXBRBBWWWRXWRRWOOOOXOOOOBWWBXWBBB;;;
YYGYXGGGGOOYOXYYYYRRRRXRRRRWWWWXWWWWOGGOXGOOOBBBBXBBBB;;;
GGGRXGRRGYGGYXGYYYYYRYXRRRRWWWWXWWWWOOOOXOOOOBBBBXBBBB;;;
OOGOXGGGGGGYGXYYYYRRRRXRRRRWWWWXWWWWOYYOXYOOOBBBBXBBBB;;;
YYGYXGGGGOOYOXYYYYRRRRXRRRRWWWWXWWWWOGGOXGOOOBBBBXBBBB;;;
GGGGXGGGGYYYOXYOOYRRRRXRRRRWWWWXWWWWOOOOXBOBBBBBYXBYYB;;;
GGGGXGGGGYYYBXYBBYRRRRXRRRRWWWWXWWWWOOOOXYOYYBBBOXBOOB;;;
GGGGXRGRRYYYYXYYYYRWWRXWRRRGGWGXWWWWOOOOXOOOOBBBBXBBBB;;;
OOGOXGGGGGGYGXYYYYRRRRXRRRRWWWWXWWWWOYYOXYOOOBBBBXBBBB;;;
GGGRXGRRGYGGYXGYYYYYRYXRRRRWWWWXWWWWOOOOXOOOOBBBBXBBBB;;;
GGGGXGGGGYYYYXYYYYRRRRXRRRRWWWWXBWBBOOOWXOWWOBBBBXOBOO;;;
GWWGXWGGGYYYYXYYYYRRRRXRRRRWOOWXOWWWGGOGXOOOOBBBBXBBBB;;;
GGGGXGGGGYYYYXBYBBRRRYXRYYRWWWWXWWWWOOOOXOOOORRBRXBBBB;;;
YYGYXGGGGOOYOXYYYYRRRRXRRRRWWWWXWWWWOGGOXGOOOBBBBXBBBB;;;
GGGGXGGGGYYYYXYYYYRRRRXBRBBWWWRXWRRWOOOOXOOOOBWWBXWBBB;;;
OOGOXGGGGGGYGXYYYYRRRRXRRRRWWWWXWWWWOYYOXYOOOBBBBXBBBB;;;
GGGGXGGGGYYYYXYYYYRRRRXBRBBWWWRXWRRWOOOOXOOOOBWWBXWBBB;;;
YYGYXGGGGOOYOXYYYYRRRRXRRRRWWWWXWWWWOGGOXGOOOBBBBXBBBB;;;
GGGGXGGGGYYYYXYYYYRRRRXRRRRWWWWXBWBBOOOWXOWWOBBBBXOBOO;;;
GGGGXGGGGYYYYXYYYYRRRRXRRRRWWWWXOWOOOOOBXOBBOBBBBXWBWW;;;
GGGGXGGGGYYYYXYYYYRRRRXRRRRWWWWXBWBBOOOWXOWWOBBBBXOBOO;;;
GWWGXWGGGYYYYXYYYYRRRRXRRRRWOOWXOWWWGGOGXOOOOBBBBXBBBB;;;
GGGGXGGGGYYYYXRYRRRRRBXRBBRWWWWXWWWWOOOOXOOOOYYBYXBBBB;;;
GGGGXRGRRYYYYXYYYYRWWRXWRRRGGWGXWWWWOOOOXOOOOBBBBXBBBB;;;
YYGYXGGGGOOYOXYYYYRRRRXRRRRWWWWXWWWWOGGOXGOOOBBBBXBBBB;;;
GGGGXGGGGYYYYXYYYYRRRRXBRBBWWWRXWRRWOOOOXOOOOBWWBXWBBB;;;
GGGGXGGGGYYYYXBYBBRRRYXRYYRWWWWXWWWWOOOOXOOOORRBRXBBBB;;;
GWWGXWGGGYYYYXYYYYRRRRXRRRRWOOWXOWWWGGOGXOOOOBBBBXBBBB;;;
GGGGXGGGGYYYYXYYYYRRRRXRRRRWWWWXBWBBOOOWXOWWOBBBBXOBOO;;;
GGGGXGGGGYYYOXYOOYRRRRXRRRRWWWWXWWWWOOOOXBOBBBBBYXBYYB;;;
GGGGXWGWWYYYYXYYYYRGGRXGRRRRRWRXWWWWOOOOXOOOOBBBBXBBBB;;;
GGGYXGYYGYRRYXRYYYGGRGXRRRRWWWWXWWWWOOOOXOOOOBBBBXBBBB;;;
GGGYXGYYGYRRYXRYYYGGRGXRRRRWWWWXWWWWOOOOXOOOOBBBBXBBBB;;;
YYGYXGGGGOOYOXYYYYRRRRXRRRRWWWWXWWWWOGGOXGOOOBBBBXBBBB;;;
GGGRXGRRGYGGYXGYYYYYRYXRRRRWWWWXWWWWOOOOXOOOOBBBBXBBBB;;;
GGGRXGRRGYGGYXGYYYYYRYXRRRRWWWWXWWWWOOOOXOOOOBBBBXBBBB;;;
GGGGXGGGGYYYYXYYYYRRRRXBRBBWWWRXWRRWOOOOXOOOOBWWBXWBBB;;;
GGGYXGYYGYRRYXRYYYGGRGXRRRRWWWWXWWWWOOOOXOOOOBBBBXBBBB;;;
GGGGXGGGGYYYOXYOOYRRRRXRRRRWWWWXWWWWOOOOXBOBBBBBYXBYYB;;;
GGGGXGGGGYYYYXYYYYRRRRXWRWWWWWBXWBBWOOOOXOOOOBRRBXRBBB;;;
GGGGXGGGGYYYOXYOOYRRRRXRRRRWWWWXWWWWOOOOXBOBBBBBYXBYYB;;;
GGGGXRGRRYYYYXYYYYRWWRXWRRRGGWGXWWWWOOOOXOOOOBBBBXBBBB;;;
GGGGXRGRRYYYYXYYYYRWWRXWRRRGGWGXWWWWOOOOXOOOOBBBBXBBBB;;;
GOOGXOGGGYYYYXYYYYRRRRXRRRRWGGWXGWWWWWOWXOOOOBBBBXBBBB;;;
GGGGXGGGGYYYYXBYBBRRRYXRYYRWWWWXWWWWOOOOXOOOORRBRXBBBB;;;
GWWGXWGGGYYYYXYYYYRRRRXRRRRWOOWXOWWWGGOGXOOOOBBBBXBBBB;;;
GGGGXGGGGYYYYXYYYYRRRRXWRWWWWWBXWBBWOOOOXOOOOBRRBXRBBB;;;
GGGRXGRRGYGGYXGYYYYYRYXRRRRWWWWXWWWWOOOOXOOOOBBBBXBBBB;;;
GOOGXOGGGYYYYXYYYYRRRRXRRRRWGGWXGWWWWWOWXOOOOBBBBXBBBB;;;
GGGGXRGRRYYYYXYYYYRWWRXWRRRGGWGXWWWWOOOOXOOOOBBBBXBBBB;;;
GGGGXGGGGYYYYXRYRRRRRBXRBBRWWWWXWWWWOOOOXOOOOYYBYXBBBB;;;
GGGYXGYYGYRRYXRYYYGGRGXRRRRWWWWXWWWWOOOOXOOOOBBBBXBBBB;;;
GGGRXGRRGYGGYXGYYYYYRYXRRRRWWWWXWWWWOOOOXOOOOBBBBXBBBB;;;
GGGGXGGGGYYYYXYYYYRRRRXRRRRWWWWXBWBBOOOWXOWWOBBBBXOBOO;;;
GGGGXWGWWYYYYXYYYYRGGRXGRRRRRWRXWWWWOOOOXOOOOBBBBXBBBB;;;
YYGYXGGGGOOYOXYYYYRRRRXRRRRWWWWXWWWWOGGOXGOOOBBBBXBBBB;;;
OOGOXGGGGGGYGXYYYYRRRRXRRRRWWWWXWWWWOYYOXYOOOBBBBXBBBB;;;
GGGGXGGGGYYYYXYYYYRRRRXWRWWWWWBXWBBWOOOOXOOOOBRRBXRBBB;;;
GGGGXGGGGYYYYXYYYYRRRRXBRBBWWWRXWRRWOOOOXOOOOBWWBXWBBB;;;
GGGGXWGWWYYYYXYYYYRGGRXGRRRRRWRXWWWWOOOOXOOOOBBBBXBBBB;;;
GGGGXGGGGYYYBXYBBYRRRRXRRRRWWWWXWWWWOOOOXYOYYBBBOXBOOB;;;
GGGGXGGGGYYYYXYYYYRRRRXWRWWWWWBXWBBWOOOOXOOOOBRRBXRBBB;;;
GGGGXRGRRYYYYXYYYYRWWRXWRRRGGWGXWWWWOOOOXOOOOBBBBXBBBB;;;
GOOGXOGGGYYYYXYYYYRRRRXRRRRWGGWXGWWWWWOWXOOOOBBBBXBBBB;;;
GWWGXWGGGYYYYXYYYYRRRRXRRRRWOOWXOWWWGGOGXOOOOBBBBXBBBB;;;
GGGGXGGGGYYYYXYYYYRRRRXRRRRWWWWXOWOOOOOBXOBBOBBBBXWBWW;;;
GGGGXGGGGYYYOXYOOYRRRRXRRRRWWWWXWWWWOOOOXBOBBBBBYXBYYB;;;
GGGGXGGGGYYYYXYYYYRRRRXBRBBWWWRXWRRWOOOOXOOOOBWWBXWBBB;;;
GGGGXGGGGYYYOXYOOYRRRRXRRRRWWWWXWWWWOOOOXBOBBBBBYXBYYB;;;
GGGYXGYYGYRRYXRYYYGGRGXRRRRWWWWXWWWWOOOOXOOOOBBBBXBBBB;;;
GGGGXRGRRYYYYXYYYYRWWRXWRRRGGWGXWWWWOOOOXOOOOBBBBXBBBB;;;
OOGOXGGGGGGYGXYYYYRRRRXRRRRWWWWXWWWWOYYOXYOOOBBBBXBBBB;;;
GGGGXGGGGYYYYXYYYYRRRRXRRRRWWWWXBWBBOOOWXOWWOBBBBXOBOO;;;
GWWGXWGGGYYYYXYYYYRRRRXRRRRWOOWXOWWWGGOGXOOOOBBBBXBBBB;;;
GGGRXGRRGYGGYXGYYYYYRYXRRRRWWWWXWWWWOOOOXOOOOBBBBXBBBB;;;
OOGOXGGGGGGYGXYYYYRRRRXRRRRWWWWXWWWWOYYOXYOOOBBBBXBBBB;;;
GGGYXGYYGYRRYXRYYYGGRGXRRRRWWWWXWWWWOOOOXOOOOBBBBXBBBB;;;
GGGGXGGGGYYYYXYYYYRRRRXRRRRWWWWXOWOOOOOBXOBBOBBBBXWBWW;;;
GGGGXGGGGYYYOXYOOYRRRRXRRRRWWWWXWWWWOOOOXBOBBBBBYXBYYB;;;
GGGRXGRRGYGGYXGYYYYYRYXRRRRWWWWXWWWWOOOOXOOOOBBBBXBBBB;;;
YYGYXGGGGOOYOXYYYYRRRRXRRRRWWWWXWWWWOGGOXGOOOBBBBXBBBB;;;
OOGOXGGGGGGYGXYYYYRRRRXRRRRWWWWXWWWWOYYOXYOOOBBBBXBBBB;;;
GGGGXGGGGYYYYXYYYYRRRRXRRRRWWWWXBWBBOOOWXOWWOBBBBXOBOO;;;
OOGOXGGGGGGYGXYYYYRRRRXRRRRWWWWXWWWWOYYOXYOOOBBBBXBBBB;;;
GGGGXGGGGYYYYXYYYYRRRRXWRWWWWWBXWBBWOOOOXOOOOBRRBXRBBB;;;
GGGGXGGGGYYYYXYYYYRRRRXWRWWWWWBXWBBWOOOOXOOOOBRRBXRBBB;;;
GGGGXWGWWYYYYXYYYYRGGRXGRRRRRWRXWWWWOOOOXOOOOBBBBXBBBB;;;
GGGGXGGGGYYYYXBYBBRRRYXRYYRWWWWXWWWWOOOOXOOOORRBRXBBBB;;;
GGGGXRGRRYYYYXYYYYRWWRXWRRRGGWGXWWWWOOOOXOOOOBBBBXBBBB;;;
GGGGXGGGGYYYYXYYYYRRRRXBRBBWWWRXWRRWOOOOXOOOOBWWBXWBBB;;;
GGGGXWGWWYYYYXYYYYRGGRXGRRRRRWRXWWWWOOOOXOOOOBBBBXBBBB;;;
GGGGXRGRRYYYYXYYYYRWWRXWRRRGGWGXWWWWOOOOXOOOOBBBBXBBBB;;;
GGGGXGGGGYYYYXYYYYRRRRXWRWWWWWBXWBBWOOOOXOOOOBRRBXRBBB;;;
GGGGXRGRRYYYYXYYYYRWWRXWRRRGGWGXWWWWOOOOXOOOOBBBBXBBBB;;;
GGGGXGGGGYYYYXYYYYRRRRXRRRRWWWWXOWOOOOOBXOBBOBBBBXWBWW;;;
GGGRXGRRGYGGYXGYYYYYRYXRRRRWWWWXWWWWOOOOXOOOOBBBBXBBBB;;;
GGGGXGGGGYYYYXYYYYRRRRXRRRRWWWWXBWBBOOOWXOWWOBBBBXOBOO;;;
GGGGXGGGGYYYYXYYYYRRRRXRRRRWWWWXOWOOOOOBXOBBOBBBBXWBWW;;;
GOOGXOGGGYYYYXYYYYRRRRXRRRRWGGWXGWWWWWOWXOOOOBBBBXBBBB;;;
GGGGXRGRRYYYYXYYYYRWWRXWRRRGGWGXWWWWOOOOXOOOOBBBBXBBBB;;;
GGGGXGGGGYYYOXYOOYRRRRXRRRRWWWWXWWWWOOOOXBOBBBBBYXBYYB;;;
GGGGXGGGGYYYYXYYYYRRRRXBRBBWWWRXWRRWOOOOXOOOOBWWBXWBBB;;;
GGGGXGGGGYYYYXBYBBRRRYXRYYRWWWWXWWWWOOOOXOOOORRBRXBBBB;;;
GGGGXGGGGYYYYXYYYYRRRRXWRWWWWWBXWBBWOOOOXOOOOBRRBXRBBB;;;
YYGYXGGGGOOYOXYYYYRRRRXRRRRWWWWXWWWWOGGOXGOOOBBBBXBBBB;;;
GGGGXGGGGYYYOXYOOYRRRRXRRRRWWWWXWWWWOOOOXBOBBBBBYXBYYB;;;
GGGGXGGGGYYYBXYBBYRRRRXRRRRWWWWXWWWWOOOOXYOYYBBBOXBOOB;;;
OOGOXGGGGGGYGXYYYYRRRRXRRRRWWWWXWWWWOYYOXYOOOBBBBXBBBB;;;
GGGRXGRRGYGGYXGYYYYYRYXRRRRWWWWXWWWWOOOOXOOOOBBBBXBBBB;;;
GGGYXGYYGYRRYXRYYYGGRGXRRRRWWWWXWWWWOOOOXOOOOBBBBXBBBB;;;
OOGOXGGGGGGYGXYYYYRRRRXRRRRWWWWXWWWWOYYOXYOOOBBBBXBBBB;;;
GGGGXGGGGYYYYXRYRRRRRBXRBBRWWWWXWWWWOOOOXOOOOYYBYXBBBB;;;
GWWGXWGGGYYYYXYYYYRRRRXRRRRWOOWXOWWWGGOGXOOOOBBBBXBBBB;;;
OOGOXGGGGGGYGXYYYYRRRRXRRRRWWWWXWWWWOYYOXYOOOBBBBXBBBB;;;
OOGOXGGGGGGYGXYYYYRRRRXRRRRWWWWXWWWWOYYOXYOOOBBBBXBBBB;;;
GOOGXOGGGYYYYXYYYYRRRRXRRRRWGGWXGWWWWWOWXOOOOBBBBXBBBB;;;
GWWGXWGGGYYYYXYYYYRRRRXRRRRWOOWXOWWWGGOGXOOOOBBBBXBBBB;;;
GGGGXGGGGYYYBXYBBYRRRRXRRRRWWWWXWWWWOOOOXYOYYBBBOXBOOB;;;
GGGGXGGGGYYYYXYYYYRRRRXRRRRWWWWXOWOOOOOBXOBBOBBBBXWBWW;;;
GGGGXWGWWYYYYXYYYYRGGRXGRRRRRWRXWWWWOOOOXOOOOBBBBXBBBB;;;
GGGGXWGWWYYYYXYYYYRGGRXGRRRRRWRXWWWWOOOOXOOOOBBBBXBBBB;;;
GWWGXWGGGYYYYXYYYYRRRRXRRRRWOOWXOWWWGGOGXOOOOBBBBXBBBB;;;
GGGGXGGGGYYYOXYOOYRRRRXRRRRWWWWXWWWWOOOOXBOBBBBBYXBYYB;;;
YYGYXGGGGOOYOXYYYYRRRRXRRRRWWWWXWWWWOGGOXGOOOBBBBXBBBB;;;
GGGGXGGGGYYYYXYYYYRRRRXBRBBWWWRXWRRWOOOOXOOOOBWWBXWBBB;;;
GGGGXRGRRYYYYXYYYYRWWRXWRRRGGWGXWWWWOOOOXOOOOBBBBXBBBB;;;
GGGGXGGGGYYYYXYYYYRRRRXWRWWWWWBXWBBWOOOOXOOOOBRRBXRBBB;;;
GGGGXGGGGYYYYXBYBBRRRYXRYYRWWWWXWWWWOOOOXOOOORRBRXBBBB;;;
GGGGXGGGGYYYBXYBBYRRRRXRRRRWWWWXWWWWOOOOXYOYYBBBOXBOOB;;;
GGGGXRGRRYYYYXYYYYRWWRXWRRRGGWGXWWWWOOOOXOOOOBBBBXBBBB;;;
GGGGXGGGGYYYYXYYYYRRRRXRRRRWWWWXOWOOOOOBXOBBOBBBBXWBWW;;;
GGGGXGGGGYYYYXYYYYRRRRXRRRRWWWWXBWBBOOOWXOWWOBBBBXOBOO;;;
GGGGXGGGGYYYBXYBBYRRRRXRRRRWWWWXWWWWOOOOXYOYYBBBOXBOOB;;;
GGGGXGGGGYYYYXBYBBRRRYXRYYRWWWWXWWWWOOOOXOOOORRBRXBBBB;;;
GOOGXOGGGYYYYXYYYYRRRRXRRRRWGGWXGWWWWWOWXOOOOBBBBXBBBB;;;
GGGGXGGGGYYYYXBYBBRRRYXRYYRWWWWXWWWWOOOOXOOOORRBRXBBBB;;;
GWWGXWGGGYYYYXYYYYRRRRXRRRRWOOWXOWWWGGOGXOOOOBBBBXBBBB;;;
GGGGXGGGGYYYYXYYYYRRRRXWRWWWWWBXWBBWOOOOXOOOOBRRBXRBBB;;;
GGGGXGGGGYYYBXYBBYRRRRXRRRRWWWWXWWWWOOOOXYOYYBBBOXBOOB;;;
GGGGXGGGGYYYYXYYYYRRRRXRRRRWWWWXOWOOOOOBXOBBOBBBBXWBWW;;;
YYGYXGGGGOOYOXYYYYRRRRXRRRRWWWWXWWWWOGGOXGOOOBBBBXBBBB;;;
GGGGXGGGGYYYYXYYYYRRRRXWRWWWWWBXWBBWOOOOXOOOOBRRBXRBBB;;;
GGGGXGGGGYYYYXYYYYRRRRXWRWWWWWBXWBBWOOOOXOOOOBRRBXRBBB;;;
GGGGXGGGGYYYYXYYYYRRRRXRRRRWWWWXOWOOOOOBXOBBOBBBBXWBWW;;;
GGGRXGRRGYGGYXGYYYYYRYXRRRRWWWWXWWWWOOOOXOOOOBBBBXBBBB;;;
GGGGXGGGGYYYYXRYRRRRRBXRBBRWWWWXWWWWOOOOXOOOOYYBYXBBBB;;;
GGGRXGRRGYGGYXGYYYYYRYXRRRRWWWWXWWWWOOOOXOOOOBBBBXBBBB;;;
GGGGXGGGGYYYYXYYYYRRRRXWRWWWWWBXWBBWOOOOXOOOOBRRBXRBBB;;;
GGGGXGGGGYYYBXYBBYRRRRXRRRRWWWWXWWWWOOOOXYOYYBBBOXBOOB;;;
GGGGXRGRRYYYYXYYYYRWWRXWRRRGGWGXWWWWOOOOXOOOOBBBBXBBBB;;;
GWWGXWGGGYYYYXYYYYRRRRXRRRRWOOWXOWWWGGOGXOOOOBBBBXBBBB;;;
GGGGXGGGGYYYOXYOOYRRRRXRRRRWWWWXWWWWOOOOXBOBBBBBYXBYYB;;;
GGGGXGGGGYYYYXYYYYRRRRXRRRRWWWWXOWOOOOOBXOBBOBBBBXWBWW;;;
YYGYXGGGGOOYOXYYYYRRRRXRRRRWWWWXWWWWOGGOXGOOOBBBBXBBBB;;;
GGGGXGGGGYYYYXRYRRRRRBXRBBRWWWWXWWWWOOOOXOOOOYYBYXBBBB;;;
OOGOXGGGGGGYGXYYYYRRRRXRRRRWWWWXWWWWOYYOXYOOOBBBBXBBBB;;;
GGGGXGGGGYYYOXYOOYRRRRXRRRRWWWWXWWWWOOOOXBOBBBBBYXBYYB;;;
GOOGXOGGGYYYYXYYYYRRRRXRRRRWGGWXGWWWWWOWXOOOOBBBBXBBBB;;;
GGGYXGYYGYRRYXRYYYGGRGXRRRRWWWWXWWWWOOOOXOOOOBBBBXBBBB;;;
GGGGXGGGGYYYYXYYYYRRRRXBRBBWWWRXWRRWOOOOXOOOOBWWBXWBBB;;;
OOGOXGGGGGGYGXYYYYRRRRXRRRRWWWWXWWWWOYYOXYOOOBBBBXBBBB;;;
GGGGXGGGGYYYYXRYRRRRRBXRBBRWWWWXWWWWOOOOXOOOOYYBYXBBBB;;;
GGGRXGRRGYGGYXGYYYYYRYXRRRRWWWWXWWWWOOOOXOOOOBBBBXBBBB;;;
GOOGXOGGGYYYYXYYYYRRRRXRRRRWGGWXGWWWWWOWXOOOOBBBBXBBBB;;;
GGGGXGGGGYYYYXYYYYRRRRXWRWWWWWBXWBBWOOOOXOOOOBRRBXRBBB;;;
OOGOXGGGGGGYGXYYYYRRRRXRRRRWWWWXWWWWOYYOXYOOOBBBBXBBBB;;;
YYGYXGGGGOOYOXYYYYRRRRXRRRRWWWWXWWWWOGGOXGOOOBBBBXBBBB;;;
GGGGXGGGGYYYYXBYBBRRRYXRYYRWWWWXWWWWOOOOXOOOORRBRXBBBB;;;
GGGGXGGGGYYYYXBYBBRRRYXRYYRWWWWXWWWWOOOOXOOOORRBRXBBBB;;;
GGGGXGGGGYYYYXBYBBRRRYXRYYRWWWWXWWWWOOOOXOOOORRBRXBBBB;;;
GGGGXGGGGYYYYXRYRRRRRBXRBBRWWWWXWWWWOOOOXOOOOYYBYXBBBB;;;
GGGGXGGGGYYYYXYYYYRRRRXRRRRWWWWXBWBBOOOWXOWWOBBBBXOBOO;;;
GGGGXGGGGYYYYXYYYYRRRRXRRRRWWWWXOWOOOOOBXOBBOBBBBXWBWW;;;
GGGGXGGGGYYYOXYOOYRRRRXRRRRWWWWXWWWWOOOOXBOBBBBBYXBYYB;;;
GGGYXGYYGYRRYXRYYYGGRGXRRRRWWWWXWWWWOOOOXOOOOBBBBXBBBB;;;
OOGOXGGGGGGYGXYYYYRRRRXRRRRWWWWXWWWWOYYOXYOOOBBBBXBBBB;;;
GGGRXGRRGYGGYXGYYYYYRYXRRRRWWWWXWWWWOOOOXOOOOBBBBXBBBB;;;
GGGGXGGGGYYYOXYOOYRRRRXRRRRWWWWXWWWWOOOOXBOBBBBBYXBYYB;;;
GGGRXGRRGYGGYXGYYYYYRYXRRRRWWWWXWWWWOOOOXOOOOBBBBXBBBB;;;
GGGGXGGGGYYYYXYYYYRRRRXRRRRWWWWXBWBBOOOWXOWWOBBBBXOBOO;;;
GGGRXGRRGYGGYXGYYYYYRYXRRRRWWWWXWWWWOOOOXOOOOBBBBXBBBB;;;
GWWGXWGGGYYYYXYYYYRRRRXRRRRWOOWXOWWWGGOGXOOOOBBBBXBBBB;;;
GGGGXGGGGYYYYXYYYYRRRRXBRBBWWWRXWRRWOOOOXOOOOBWWBXWBBB;;;
GOOGXOGGGYYYYXYYYYRRRRXRRRRWGGWXGWWWWWOWXOOOOBBBBXBBBB;;;
GWWGXWGGGYYYYXYYYYRRRRXRRRRWOOWXOWWWGGOGXOOOOBBBBXBBBB;;;
GGGGXRGRRYYYYXYYYYRWWRXWRRRGGWGXWWWWOOOOXOOOOBBBBXBBBB;;;
GGGGXGGGGYYYYXRYRRRRRBXRBBRWWWWXWWWWOOOOXOOOOYYBYXBBBB;;;
GGGGXGGGGYYYYXYYYYRRRRXWRWWWWWBXWBBWOOOOXOOOOBRRBXRBBB;;;
YYGYXGGGGOOYOXYYYYRRRRXRRRRWWWWXWWWWOGGOXGOOOBBBBXBBBB;;;
GGGGXGGGGYYYYXYYYYRRRRXWRWWWWWBXWBBWOOOOXOOOOBRRBXRBBB;;;
GGGGXGGGGYYYOXYOOYRRRRXRRRRWWWWXWWWWOOOOXBOBBBBBYXBYYB;;;
YYGYXGGGGOOYOXYYYYRRRRXRRRRWWWWXWWWWOGGOXGOOOBBBBXBBBB;;;
YYGYXGGGGOOYOXYYYYRRRRXRRRRWWWWXWWWWOGGOXGOOOBBBBXBBBB;;;
GGGGXGGGGYYYYXYYYYRRRRXRRRRWWWWXBWBBOOOWXOWWOBBBBXOBOO;;;
GGGGXGGGGYYYYXYYYYRRRRXWRWWWWWBXWBBWOOOOXOOOOBRRBXRBBB;;;
YYGYXGGGGOOYOXYYYYRRRRXRRRRWWWWXWWWWOGGOXGOOOBBBBXBBBB;;;
GGGGXGGGGYYYYXYYYYRRRRXRRRRWWWWXBWBBOOOWXOWWOBBBBXOBOO;;;
GOOGXOGGGYYYYXYYYYRRRRXRRRRWGGWXGWWWWWOWXOOOOBBBBXBBBB;;;
GWWGXWGGGYYYYXYYYYRRRRXRRRRWOOWXOWWWGGOGXOOOOBBBBXBBBB;;;
GGGGXGGGGYYYYXBYBBRRRYXRYYRWWWWXWWWWOOOOXOOOORRBRXBBBB;;;
GGGRXGRRGYGGYXGYYYYYRYXRRRRWWWWXWWWWOOOOXOOOOBBBBXBBBB;;;
YYGYXGGGGOOYOXYYYYRRRRXRRRRWWWWXWWWWOGGOXGOOOBBBBXBBBB;;;
GGGGXGGGGYYYYXYYYYRRRRXRRRRWWWWXOWOOOOOBXOBBOBBBBXWBWW;;;
GGGGXWGWWYYYYXYYYYRGGRXGRRRRRWRXWWWWOOOOXOOOOBBBBXBBBB;;;
YYGYXGGGGOOYOXYYYYRRRRXRRRRWWWWXWWWWOGGOXGOOOBBBBXBBBB;;;
OOGOXGGGGGGYGXYYYYRRRRXRRRRWWWWXWWWWOYYOXYOOOBBBBXBBBB;;;
GGGYXGYYGYRRYXRYYYGGRGXRRRRWWWWXWWWWOOOOXOOOOBBBBXBBBB;;;
GGGGXGGGGYYYYXYYYYRRRRXBRBBWWWRXWRRWOOOOXOOOOBWWBXWBBB;;;
YYGYXGGGGOOYOXYYYYRRRRXRRRRWWWWXWWWWOGGOXGOOOBBBBXBBBB;;;
GGGGXGGGGYYYOXYOOYRRRRXRRRRWWWWXWWWWOOOOXBOBBBBBYXBYYB;;;
GWWGXWGGGYYYYXYYYYRRRRXRRRRWOOWXOWWWGGOGXOOOOBBBBXBBBB;;;
OOGOXGGGGGGYGXYYYYRRRRXRRRRWWWWXWWWWOYYOXYOOOBBBBXBBBB;;;
GGGGXGGGGYYYYXYYYYRRRRXBRBBWWWRXWRRWOOOOXOOOOBWWBXWBBB;;;
GGGGXGGGGYYYYXBYBBRRRYXRYYRWWWWXWWWWOOOOXOOOORRBRXBBBB;;;
OOGOXGGGGGGYGXYYYYRRRRXRRRRWWWWXWWWWOYYOXYOOOBBBBXBBBB;;;
GOOGXOGGGYYYYXYYYYRRRRXRRRRWGGWXGWWWWWOWXOOOOBBBBXBBBB;;;
GGGGXGGGGYYYYXBYBBRRRYXRYYRWWWWXWWWWOOOOXOOOORRBRXBBBB;;;
GGGGXGGGGYYYBXYBBYRRRRXRRRRWWWWXWWWWOOOOXYOYYBBBOXBOOB;;;
GGGYXGYYGYRRYXRYYYGGRGXRRRRWWWWXWWWWOOOOXOOOOBBBBXBBBB;;;
GGGGXRGRRYYYYXYYYYRWWRXWRRRGGWGXWWWWOOOOXOOOOBBBBXBBBB;;;
GGGGXGGGGYYYYXYYYYRRRRXRRRRWWWWXOWOOOOOBXOBBOBBBBXWBWW;;;
GGGGXGGGGYYYYXYYYYRRRRXBRBBWWWRXWRRWOOOOXOOOOBWWBXWBBB;;;
YYGYXGGGGOOYOXYYYYRRRRXRRRRWWWWXWWWWOGGOXGOOOBBBBXBBBB;;;
GGGGXGGGGYYYYXBYBBRRRYXRYYRWWWWXWWWWOOOOXOOOORRBRXBBBB;;;
GGGGXGGGGYYYYXRYRRRRRBXRBBRWWWWXWWWWOOOOXOOOOYYBYXBBBB;;;
GGGYXGYYGYRRYXRYYYGGRGXRRRRWWWWXWWWWOOOOXOOOOBBBBXBBBB;;;
GGGGXRGRRYYYYXYYYYRWWRXWRRRGGWGXWWWWOOOOXOOOOBBBBXBBBB;;;
GGGGXGGGGYYYOXYOOYRRRRXRRRRWWWWXWWWWOOOOXBOBBBBBYXBYYB;;;
GGGYXGYYGYRRYXRYYYGGRGXRRRRWWWWXWWWWOOOOXOOOOBBBBXBBBB;;;
YYGYXGGGGOOYOXYYYYRRRRXRRRRWWWWXWWWWOGGOXGOOOBBBBXBBBB;;;
GGGGXGGGGYYYYXYYYYRRRRXRRRRWWWWXBWBBOOOWXOWWOBBBBXOBOO;;;
GGGGXRGRRYYYYXYYYYRWWRXWRRRGGWGXWWWWOOOOXOOOOBBBBXBBBB;;;
OOGOXGGGGGGYGXYYYYRRRRXRRRRWWWWXWWWWOYYOXYOOOBBBBXBBBB;;;
GGGGXGGGGYYYYXRYRRRRRBXRBBRWWWWXWWWWOOOOXOOOOYYBYXBBBB;;;
GGGGXGGGGYYYYXYYYYRRRRXRRRRWWWWXBWBBOOOWXOWWOBBBBXOBOO;;;
GWWGXWGGGYYYYXYYYYRRRRXRRRRWOOWXOWWWGGOGXOOOOBBBBXBBBB;;;
GGGGXGGGGYYYYXYYYYRRRRXRRRRWWWWXOWOOOOOBXOBBOBBBBXWBWW;;;
GGGGXGGGGYYYYXYYYYRRRRXRRRRWWWWXOWOOOOOBXOBBOBBBBXWBWW;;;
GGGGXGGGGYYYYXYYYYRRRRXWRWWWWWBXWBBWOOOOXOOOOBRRBXRBBB;;;
YYGYXGGGGOOYOXYYYYRRRRXRRRRWWWWXWWWWOGGOXGOOOBBBBXBBBB;;;
GGGGXGGGGYYYYXYYYYRRRRXRRRRWWWWXBWBBOOOWXOWWOBBBBXOBOO;;;
OOGOXGGGGGGYGXYYYYRRRRXRRRRWWWWXWWWWOYYOXYOOOBBBBXBBBB;;;
OOGOXGGGGGGYGXYYYYRRRRXRRRRWWWWXWWWWOYYOXYOOOBBBBXBBBB;;;
GOOGXOGGGYYYYXYYYYRRRRXRRRRWGGWXGWWWWWOWXOOOOBBBBXBBBB;;;
GGGGXWGWWYYYYXYYYYRGGRXGRRRRRWRXWWWWOOOOXOOOOBBBBXBBBB;;;
GGGRXGRRGYGGYXGYYYYYRYXRRRRWWWWXWWWWOOOOXOOOOBBBBXBBBB;;;
GOOGXOGGGYYYYXYYYYRRRRXRRRRWGGWXGWWWWWOWXOOOOBBBBXBBBB;;;
GGGGXGGGGYYYYXYYYYRRRRXRRRRWWWWXOWOOOOOBXOBBOBBBBXWBWW;;;
GGGGXRGRRYYYYXYYYYRWWRXWRRRGGWGXWWWWOOOOXOOOOBBBBXBBBB;;;
GGGGXWGWWYYYYXYYYYRGGRXGRRRRRWRXWWWWOOOOXOOOOBBBBXBBBB;;;
GGGGXGGGGYYYOXYOOYRRRRXRRRRWWWWXWWWWOOOOXBOBBBBBYXBYYB;;;
GGGGXGGGGYYYOXYOOYRRRRXRRRRWWWWXWWWWOOOOXBOBBBBBYXBYYB;;;
GGGGXGGGGYYYOXYOOYRRRRXRRRRWWWWXWWWWOOOOXBOBBBBBYXBYYB;;;
GGGYXGYYGYRRYXRYYYGGRGXRRRRWWWWXWWWWOOOOXOOOOBBBBXBBBB;;;
GGGRXGRRGYGGYXGYYYYYRYXRRRRWWWWXWWWWOOOOXOOOOBBBBXBBBB;;;
GGGGXRGRRYYYYXYYYYRWWRXWRRRGGWGXWWWWOOOOXOOOOBBBBXBBBB;;;
GGGRXGRRGYGGYXGYYYYYRYXRRRRWWWWXWWWWOOOOXOOOOBBBBXBBBB;;;
GGGGXGGGGYYYYXYYYYRRRRXWRWWWWWBXWBBWOOOOXOOOOBRRBXRBBB;;;
GGGYXGYYGYRRYXRYYYGGRGXRRRRWWWWXWWWWOOOOXOOOOBBBBXBBBB;;;
GGGGXGGGGYYYYXYYYYRRRRXRRRRWWWWXBWBBOOOWXOWWOBBBBXOBOO;;;
GGGGXGGGGYYYYXYYYYRRRRXWRWWWWWBXWBBWOOOOXOOOOBRRBXRBBB;;;
YYGYXGGGGOOYOXYYYYRRRRXRRRRWWWWXWWWWOGGOXGOOOBBBBXBBBB;;;
GGGGXWGWWYYYYXYYYYRGGRXGRRRRRWRXWWWWOOOOXOOOOBBBBXBBBB;;;
GGGYXGYYGYRRYXRYYYGGRGXRRRRWWWWXWWWWOOOOXOOOOBBBBXBBBB;;;
GOOGXOGGGYYYYXYYYYRRRRXRRRRWGGWXGWWWWWOWXOOOOBBBBXBBBB;;;
GGGGXRGRRYYYYXYYYYRWWRXWRRRGGWGXWWWWOOOOXOOOOBBBBXBBBB;;;
GOOGXOGGGYYYYXYYYYRRRRXRRRRWGGWXGWWWWWOWXOOOOBBBBXBBBB;;;
GGGYXGYYGYRRYXRYYYGGRGXRRRRWWWWXWWWWOOOOXOOOOBBBBXBBBB;;;
GGGGXGGGGYYYYXYYYYRRRRXRRRRWWWWXOWOOOOOBXOBBOBBBBXWBWW;;;
GGGGXGGGGYYYBXYBBYRRRRXRRRRWWWWXWWWWOOOOXYOYYBBBOXBOOB;;;
GGGGXGGGGYYYOXYOOYRRRRXRRRRWWWWXWWWWOOOOXBOBBBBBYXBYYB;;;
YYGYXGGGGOOYOXYYYYRRRRXRRRRWWWWXWWWWOGGOXGOOOBBBBXBBBB;;;
GGGGXWGWWYYYYXYYYYRGGRXGRRRRRWRXWWWWOOOOXOOOOBBBBXBBBB;;;
GWWGXWGGGYYYYXYYYYRRRRXRRRRWOOWXOWWWGGOGXOOOOBBBBXBBBB;;;
OOGOXGGGGGGYGXYYYYRRRRXRRRRWWWWXWWWWOYYOXYOOOBBBBXBBBB;;;
GWWGXWGGGYYYYXYYYYRRRRXRRRRWOOWXOWWWGGOGXOOOOBBBBXBBBB;;;
GGGGXRGRRYYYYXYYYYRWWRXWRRRGGWGXWWWWOOOOXOOOOBBBBXBBBB;;;
GWWGXWGGGYYYYXYYYYRRRRXRRRRWOOWXOWWWGGOGXOOOOBBBBXBBBB;;;
GGGRXGRRGYGGYXGYYYYYRYXRRRRWWWWXWWWWOOOOXOOOOBBBBXBBBB;;;
GGGGXGGGGYYYYXYYYYRRRRXRRRRWWWWXOWOOOOOBXOBBOBBBBXWBWW;;;
GGGGXGGGGYYYYXYYYYRRRRXRRRRWWWWXBWBBOOOWXOWWOBBBBXOBOO;;;
OOGOXGGGGGGYGXYYYYRRRRXRRRRWWWWXWWWWOYYOXYOOOBBBBXBBBB;;;
YYGYXGGGGOOYOXYYYYRRRRXRRRRWWWWXWWWWOGGOXGOOOBBBBXBBBB;;;
YYGYXGGGGOOYOXYYYYRRRRXRRRRWWWWXWWWWOGGOXGOOOBBBBXBBBB;;;
GGGGXWGWWYYYYXYYYYRGGRXGRRRRRWRXWWWWOOOOXOOOOBBBBXBBBB;;;
GGGGXGGGGYYYYXYYYYRRRRXRRRRWWWWXBWBBOOOWXOWWOBBBBXOBOO;;;
GGGGXGGGGYYYYXYYYYRRRRXRRRRWWWWXBWBBOOOWXOWWOBBBBXOBOO;;;
GGGGXGGGGYYYYXBYBBRRRYXRYYRWWWWXWWWWOOOOXOOOORRBRXBBBB;;;
OOGOXGGGGGGYGXYYYYRRRRXRRRRWWWWXWWWWOYYOXYOOOBBBBXBBBB;;;
GGGGXGGGGYYYYXYYYYRRRRXBRBBWWWRXWRRWOOOOXOOOOBWWBXWBBB;;;
GWWGXWGGGYYYYXYYYYRRRRXRRRRWOOWXOWWWGGOGXOOOOBBBBXBBBB;;;
GGGGXWGWWYYYYXYYYYRGGRXGRRRRRWRXWWWWOOOOXOOOOBBBBXBBBB;;;
GGGGXGGGGYYYYXRYRRRRRBXRBBRWWWWXWWWWOOOOXOOOOYYBYXBBBB;;;
GGGGXGGGGYYYYXBYBBRRRYXRYYRWWWWXWWWWOOOOXOOOORRBRXBBBB;;;
GGGGXGGGGYYYYXRYRRRRRBXRBBRWWWWXWWWWOOOOXOOOOYYBYXBBBB;;;
GOOGXOGGGYYYYXYYYYRRRRXRRRRWGGWXGWWWWWOWXOOOOBBBBXBBBB;;;
GGGGXGGGGYYYYXYYYYRRRRXRRRRWWWWXBWBBOOOWXOWWOBBBBXOBOO;;;
GGGGXGGGGYYYYXRYRRRRRBXRBBRWWWWXWWWWOOOOXOOOOYYBYXBBBB;;;
GOOGXOGGGYYYYXYYYYRRRRXRRRRWGGWXGWWWWWOWXOOOOBBBBXBBBB;;;
GWWGXWGGGYYYYXYYYYRRRRXRRRRWOOWXOWWWGGOGXOOOOBBBBXBBBB;;;
GGGGXGGGGYYYYXYYYYRRRRXRRRRWWWWXOWOOOOOBXOBBOBBBBXWBWW;;;
GGGGXGGGGYYYYXYYYYRRRRXWRWWWWWBXWBBWOOOOXOOOOBRRBXRBBB;;;
GGGGXGGGGYYYYXRYRRRRRBXRBBRWWWWXWWWWOOOOXOOOOYYBYXBBBB;;;
GWWGXWGGGYYYYXYYYYRRRRXRRRRWOOWXOWWWGGOGXOOOOBBBBXBBBB;;;
OOGOXGGGGGGYGXYYYYRRRRXRRRRWWWWXWWWWOYYOXYOOOBBBBXBBBB;;;
GOOGXOGGGYYYYXYYYYRRRRXRRRRWGGWXGWWWWWOWXOOOOBBBBXBBBB;;;
GGGGXGGGGYYYYXYYYYRRRRXWRWWWWWBXWBBWOOOOXOOOOBRRBXRBBB;;;
GOOGXOGGGYYYYXYYYYRRRRXRRRRWGGWXGWWWWWOWXOOOOBBBBXBBBB;;;
YYGYXGGGGOOYOXYYYYRRRRXRRRRWWWWXWWWWOGGOXGOOOBBBBXBBBB;;;
OOGOXGGGGGGYGXYYYYRRRRXRRRRWWWWXWWWWOYYOXYOOOBBBBXBBBB;;;
GWWGXWGGGYYYYXYYYYRRRRXRRRRWOOWXOWWWGGOGXOOOOBBBBXBBBB;;;
GGGRXGRRGYGGYXGYYYYYRYXRRRRWWWWXWWWWOOOOXOOOOBBBBXBBBB;;;
GGGRXGRRGYGGYXGYYYYYRYXRRRRWWWWXWWWWOOOOXOOOOBBBBXBBBB;;;
YYGYXGGGGOOYOXYYYYRRRRXRRRRWWWWXWWWWOGGOXGOOOBBBBXBBBB;;;
GWWGXWGGGYYYYXYYYYRRRRXRRRRWOOWXOWWWGGOGXOOOOBBBBXBBBB;;;
GGGYXGYYGYRRYXRYYYGGRGXRRRRWWWWXWWWWOOOOXOOOOBBBBXBBBB;;;
GGGGXGGGGYYYYXRYRRRRRBXRBBRWWWWXWWWWOOOOXOOOOYYBYXBBBB;;;
GGGGXRGRRYYYYXYYYYRWWRXWRRRGGWGXWWWWOOOOXOOOOBBBBXBBBB;;;
GOOGXOGGGYYYYXYYYYRRRRXRRRRWGGWXGWWWWWOWXOOOOBBBBXBBBB;;;
GGGGXGGGGYYYYXYYYYRRRRXRRRRWWWWXBWBBOOOWXOWWOBBBBXOBOO;;;
GGGGXGGGGYYYYXYYYYRRRRXBRBBWWWRXWRRWOOOOXOOOOBWWBXWBBB;;;
GGGGXGGGGYYYOXYOOYRRRRXRRRRWWWWXWWWWOOOOXBOBBBBBYXBYYB;;;
GGGGXGGGGYYYYXYYYYRRRRXRRRRWWWWXOWOOOOOBXOBBOBBBBXWBWW;;;
GGGGXGGGGYYYOXYOOYRRRRXRRRRWWWWXWWWWOOOOXBOBBBBBYXBYYB;;;
OOGOXGGGGGGYGXYYYYRRRRXRRRRWWWWXWWWWOYYOXYOOOBBBBXBBBB;;;
GGGGXGGGGYYYYXYYYYRRRRXRRRRWWWWXBWBBOOOWXOWWOBBBBXOBOO;;;
GGGGXGGGGYYYYXYYYYRRRRXWRWWWWWBXWBBWOOOOXOOOOBRRBXRBBB;;;
GGGGXGGGGYYYYXYYYYRRRRXWRWWWWWBXWBBWOOOOXOOOOBRRBXRBBB;;;
GWWGXWGGGYYYYXYYYYRRRRXRRRRWOOWXOWWWGGOGXOOOOBBBBXBBBB;;;
GGGGXGGGGYYYBXYBBYRRRRXRRRRWWWWXWWWWOOOOXYOYYBBBOXBOOB;;;
OOGOXGGGGGGYGXYYYYRRRRXRRRRWWWWXWWWWOYYOXYOOOBBBBXBBBB;;;
GGGYXGYYGYRRYXRYYYGGRGXRRRRWWWWXWWWWOOOOXOOOOBBBBXBBBB;;;
GGGGXGGGGYYYYXBYBBRRRYXRYYRWWWWXWWWWOOOOXOOOORRBRXBBBB;;;
GGGGXGGGGYYYYXYYYYRRRRXBRBBWWWRXWRRWOOOOXOOOOBWWBXWBBB;;;
GGGGXGGGGYYYYXYYYYRRRRXRRRRWWWWXOWOOOOOBXOBBOBBBBXWBWW;;;
GGGGXGGGGYYYYXYYYYRRRRXBRBBWWWRXWRRWOOOOXOOOOBWWBXWBBB;;;
GGGGXWGWWYYYYXYYYYRGGRXGRRRRRWRXWWWWOOOOXOOOOBBBBXBBBB;;;
GGGGXWGWWYYYYXYYYYRGGRXGRRRRRWRXWWWWOOOOXOOOOBBBBXBBBB;;;
GGGGXWGWWYYYYXYYYYRGGRXGRRRRRWRXWWWWOOOOXOOOOBBBBXBBBB;;;
GGGGXGGGGYYYYXYYYYRRRRXWRWWWWWBXWBBWOOOOXOOOOBRRBXRBBB;;;
GWWGXWGGGYYYYXYYYYRRRRXRRRRWOOWXOWWWGGOGXOOOOBBBBXBBBB;;;
GWWGXWGGGYYYYXYYYYRRRRXRRRRWOOWXOWWWGGOGXOOOOBBBBXBBBB;;;
GGGGXGGGGYYYYXYYYYRRRRXRRRRWWWWXOWOOOOOBXOBBOBBBBXWBWW;;;
GGGGXGGGGYYYOXYOOYRRRRXRRRRWWWWXWWWWOOOOXBOBBBBBYXBYYB;;;
GGGGXGGGGYYYOXYOOYRRRRXRRRRWWWWXWWWWOOOOXBOBBBBBYXBYYB;;;
GGGGXGGGGYYYYXBYBBRRRYXRYYRWWWWXWWWWOOOOXOOOORRBRXBBBB;;;
GGGRXGRRGYGGYXGYYYYYRYXRRRRWWWWXWWWWOOOOXOOOOBBBBXBBBB;;;
GGGGXGGGGYYYYXRYRRRRRBXRBBRWWWWXWWWWOOOOXOOOOYYBYXBBBB;;;
GGGGXRGRRYYYYXYYYYRWWRXWRRRGGWGXWWWWOOOOXOOOOBBBBXBBBB;;;
OOGOXGGGGGGYGXYYYYRRRRXRRRRWWWWXWWWWOYYOXYOOOBBBBXBBBB;;;
GGGGXGGGGYYYYXYYYYRRRRXRRRRWWWWXBWBBOOOWXOWWOBBBBXOBOO;;;
GGGRXGRRGYGGYXGYYYYYRYXRRRRWWWWXWWWWOOOOXOOOOBBBBXBBBB;;;
GGGGXWGWWYYYYXYYYYRGGRXGRRRRRWRXWWWWOOOOXOOOOBBBBXBBBB;;;
GGGGXGGGGYYYYXYYYYRRRRXRRRRWWWWXBWBBOOOWXOWWOBBBBXOBOO;;;
GGGGXGGGGYYYYXRYRRRRRBXRBBRWWWWXWWWWOOOOXOOOOYYBYXBBBB;;;
GGGGXGGGGYYYYXRYRRRRRBXRBBRWWWWXWWWWOOOOXOOOOYYBYXBBBB;;;
OOGOXGGGGGGYGXYYYYRRRRXRRRRWWWWXWWWWOYYOXYOOOBBBBXBBBB;;;
GGGGXGGGGYYYYXRYRRRRRBXRBBRWWWWXWWWWOOOOXOOOOYYBYXBBBB;;;
GGGGXGGGGYYYYXYYYYRRRRXRRRRWWWWXOWOOOOOBXOBBOBBBBXWBWW;;;
GGGGXRGRRYYYYXYYYYRWWRXWRRRGGWGXWWWWOOOOXOOOOBBBBXBBBB;;;
GGGRXGRRGYGGYXGYYYYYRYXRRRRWWWWXWWWWOOOOXOOOOBBBBXBBBB;;;
GGGGXGGGGYYYYXYYYYRRRRXRRRRWWWWXBWBBOOOWXOWWOBBBBXOBOO;;;
GGGGXGGGGYYYYXYYYYRRRRXWRWWWWWBXWBBWOOOOXOOOOBRRBXRBBB;;;
GGGGXGGGGYYYBXYBBYRRRRXRRRRWWWWXWWWWOOOOXYOYYBBBOXBOOB;;;
GGGGXRGRRYYYYXYYYYRWWRXWRRRGGWGXWWWWOOOOXOOOOBBBBXBBBB;;;
YYGYXGGGGOOYOXYYYYRRRRXRRRRWWWWXWWWWOGGOXGOOOBBBBXBBBB;;;
GWWGXWGGGYYYYXYYYYRRRRXRRRRWOOWXOWWWGGOGXOOOOBBBBXBBBB;;;
GGGGXWGWWYYYYXYYYYRGGRXGRRRRRWRXWWWWOOOOXOOOOBBBBXBBBB;;;
GGGGXWGWWYYYYXYYYYRGGRXGRRRRRWRXWWWWOOOOXOOOOBBBBXBBBB;;;
GGGGXWGWWYYYYXYYYYRGGRXGRRRRRWRXWWWWOOOOXOOOOBBBBXBBBB;;;
YYGYXGGGGOOYOXYYYYRRRRXRRRRWWWWXWWWWOGGOXGOOOBBBBXBBBB;;;
GGGGXWGWWYYYYXYYYYRGGRXGRRRRRWRXWWWWOOOOXOOOOBBBBXBBBB;;;
GGGGXRGRRYYYYXYYYYRWWRXWRRRGGWGXWWWWOOOOXOOOOBBBBXBBBB;;;
GGGGXGGGGYYYYXRYRRRRRBXRBBRWWWWXWWWWOOOOXOOOOYYBYXBBBB;;;
GGGGXGGGGYYYYXYYYYRRRRXRRRRWWWWXOWOOOOOBXOBBOBBBBXWBWW;;;
GGGGXWGWWYYYYXYYYYRGGRXGRRRRRWRXWWWWOOOOXOOOOBBBBXBBBB;;;
GGGGXGGGGYYYYXRYRRRRRBXRBBRWWWWXWWWWOOOOXOOOOYYBYXBBBB;;;
GGGGXGGGGYYYYXBYBBRRRYXRYYRWWWWXWWWWOOOOXOOOORRBRXBBBB;;;
YYGYXGGGGOOYOXYYYYRRRRXRRRRWWWWXWWWWOGGOXGOOOBBBBXBBBB;;;
OOGOXGGGGGGYGXYYYYRRRRXRRRRWWWWXWWWWOYYOXYOOOBBBBXBBBB;;;
GGGGXGGGGYYYYXRYRRRRRBXRBBRWWWWXWWWWOOOOXOOOOYYBYXBBBB;;;
GGGRXGRRGYGGYXGYYYYYRYXRRRRWWWWXWWWWOOOOXOOOOBBBBXBBBB;;;
GGGGXGGGGYYYYXYYYYRRRRXRRRRWWWWXBWBBOOOWXOWWOBBBBXOBOO;;;
GGGGXGGGGYYYYXBYBBRRRYXRYYRWWWWXWWWWOOOOXOOOORRBRXBBBB;;;
GGGRXGRRGYGGYXGYYYYYRYXRRRRWWWWXWWWWOOOOXOOOOBBBBXBBBB;;;
GGGGXGGGGYYYYXBYBBRRRYXRYYRWWWWXWWWWOOOOXOOOORRBRXBBBB;;;
GGGGXGGGGYYYYXRYRRRRRBXRBBRWWWWXWWWWOOOOXOOOOYYBYXBBBB;;;
GGGGXWGWWYYYYXYYYYRGGRXGRRRRRWRXWWWWOOOOXOOOOBBBBXBBBB;;;
GGGGXGGGGYYYYXYYYYRRRRXBRBBWWWRXWRRWOOOOXOOOOBWWBXWBBB;;;
GGGGXGGGGYYYOXYOOYRRRRXRRRRWWWWXWWWWOOOOXBOBBBBBYXBYYB;;;
GOOGXOGGGYYYYXYYYYRRRRXRRRRWGGWXGWWWWWOWXOOOOBBBBXBBBB;;;
GGGGXGGGGYYYOXYOOYRRRRXRRRRWWWWXWWWWOOOOXBOBBBBBYXBYYB;;;
GGGYXGYYGYRRYXRYYYGGRGXRRRRWWWWXWWWWOOOOXOOOOBBBBXBBBB;;;
OOGOXGGGGGGYGXYYYYRRRRXRRRRWWWWXWWWWOYYOXYOOOBBBBXBBBB;;;
GGGGXGGGGYYYYXYYYYRRRRXRRRRWWWWXBWBBOOOWXOWWOBBBBXOBOO;;;
GWWGXWGGGYYYYXYYYYRRRRXRRRRWOOWXOWWWGGOGXOOOOBBBBXBBBB;;;
GGGGXGGGGYYYBXYBBYRRRRXRRRRWWWWXWWWWOOOOXYOYYBBBOXBOOB;;;
GOOGXOGGGYYYYXYYYYRRRRXRRRRWGGWXGWWWWWOWXOOOOBBBBXBBBB;;;
OOGOXGGGGGGYGXYYYYRRRRXRRRRWWWWXWWWWOYYOXYOOOBBBBXBBBB;;;
GGGGXWGWWYYYYXYYYYRGGRXGRRRRRWRXWWWWOOOOXOOOOBBBBXBBBB;;;
GGGGXGGGGYYYYXYYYYRRRRXRRRRWWWWXBWBBOOOWXOWWOBBBBXOBOO;;;
GGGGXRGRRYYYYXYYYYRWWRXWRRRGGWGXWWWWOOOOXOOOOBBBBXBBBB;;;
OOGOXGGGGGGYGXYYYYRRRRXRRRRWWWWXWWWWOYYOXYOOOBBBBXBBBB;;;
GGGGXGGGGYYYYXRYRRRRRBXRBBRWWWWXWWWWOOOOXOOOOYYBYXBBBB;;;
GGGGXWGWWYYYYXYYYYRGGRXGRRRRRWRXWWWWOOOOXOOOOBBBBXBBBB;;;
GGGGXWGWWYYYYXYYYYRGGRXGRRRRRWRXWWWWOOOOXOOOOBBBBXBBBB;;;
GGGGXGGGGYYYYXBYBBRRRYXRYYRWWWWXWWWWOOOOXOOOORRBRXBBBB;;;
YYGYXGGGGOOYOXYYYYRRRRXRRRRWWWWXWWWWOGGOXGOOOBBBBXBBBB;;;
GGGGXGGGGYYYYXYYYYRRRRXWRWWWWWBXWBBWOOOOXOOOOBRRBXRBBB;;;
OOGOXGGGGGGYGXYYYYRRRRXRRRRWWWWXWWWWOYYOXYOOOBBBBXBBBB;;;
GGGGXGGGGYYYOXYOOYRRRRXRRRRWWWWXWWWWOOOOXBOBBBBBYXBYYB;;;
GGGGXGGGGYYYYXYYYYRRRRXRRRRWWWWXBWBBOOOWXOWWOBBBBXOBOO;;;
GOOGXOGGGYYYYXYYYYRRRRXRRRRWGGWXGWWWWWOWXOOOOBBBBXBBBB;;;
GGGGXGGGGYYYYXYYYYRRRRXWRWWWWWBXWBBWOOOOXOOOOBRRBXRBBB;;;
GGGGXGGGGYYYYXYYYYRRRRXWRWWWWWBXWBBWOOOOXOOOOBRRBXRBBB;;;
GGGRXGRRGYGGYXGYYYYYRYXRRRRWWWWXWWWWOOOOXOOOOBBBBXBBBB;;;
GGGYXGYYGYRRYXRYYYGGRGXRRRRWWWWXWWWWOOOOXOOOOBBBBXBBBB;;;
GGGRXGRRGYGGYXGYYYYYRYXRRRRWWWWXWWWWOOOOXOOOOBBBBXBBBB;;;
GGGGXRGRRYYYYXYYYYRWWRXWRRRGGWGXWWWWOOOOXOOOOBBBBXBBBB;;;
GOOGXOGGGYYYYXYYYYRRRRXRRRRWGGWXGWWWWWOWXOOOOBBBBXBBBB;;;
GOOGXOGGGYYYYXYYYYRRRRXRRRRWGGWXGWWWWWOWXOOOOBBBBXBBBB;;;
OOGOXGGGGGGYGXYYYYRRRRXRRRRWWWWXWWWWOYYOXYOOOBBBBXBBBB;;;
OOGOXGGGGGGYGXYYYYRRRRXRRRRWWWWXWWWWOYYOXYOOOBBBBXBBBB;;;
OOGOXGGGGGGYGXYYYYRRRRXRRRRWWWWXWWWWOYYOXYOOOBBBBXBBBB;;;
GGGYXGYYGYRRYXRYYYGGRGXRRRRWWWWXWWWWOOOOXOOOOBBBBXBBBB;;;
GWWGXWGGGYYYYXYYYYRRRRXRRRRWOOWXOWWWGGOGXOOOOBBBBXBBBB;;;
GGGGXGGGGYYYOXYOOYRRRRXRRRRWWWWXWWWWOOOOXBOBBBBBYXBYYB;;;
GGGGXGGGGYYYYXBYBBRRRYXRYYRWWWWXWWWWOOOOXOOOORRBRXBBBB;;;
GGGYXGYYGYRRYXRYYYGGRGXRRRRWWWWXWWWWOOOOXOOOOBBBBXBBBB;;;
GGGGXGGGGYYYYXRYRRRRRBXRBBRWWWWXWWWWOOOOXOOOOYYBYXBBBB;;;
GWWGXWGGGYYYYXYYYYRRRRXRRRRWOOWXOWWWGGOGXOOOOBBBBXBBBB;;;
GGGGXGGGGYYYYXYYYYRRRRXWRWWWWWBXWBBWOOOOXOOOOBRRBXRBBB;;;
GGGGXGGGGYYYYXYYYYRRRRXBRBBWWWRXWRRWOOOOXOOOOBWWBXWBBB;;;
GGGYXGYYGYRRYXRYYYGGRGXRRRRWWWWXWWWWOOOOXOOOOBBBBXBBBB;;;
GGGGXGGGGYYYYXYYYYRRRRXWRWWWWWBXWBBWOOOOXOOOOBRRBXRBBB;;;
GGGGXGGGGYYYYXYYYYRRRRXRRRRWWWWXBWBBOOOWXOWWOBBBBXOBOO;;;
GGGGXRGRRYYYYXYYYYRWWRXWRRRGGWGXWWWWOOOOXOOOOBBBBXBBBB;;;
YYGYXGGGGOOYOXYYYYRRRRXRRRRWWWWXWWWWOGGOXGOOOBBBBXBBBB;;;
GOOGXOGGGYYYYXYYYYRRRRXRRRRWGGWXGWWWWWOWXOOOOBBBBXBBBB;;;
GGGGXGGGGYYYYXBYBBRRRYXRYYRWWWWXWWWWOOOOXOOOORRBRXBBBB;;;
GWWGXWGGGYYYYXYYYYRRRRXRRRRWOOWXOWWWGGOGXOOOOBBBBXBBBB;;;
GGGGXGGGGYYYYXYYYYRRRRXBRBBWWWRXWRRWOOOOXOOOOBWWBXWBBB;;;
GGGGXWGWWYYYYXYYYYRGGRXGRRRRRWRXWWWWOOOOXOOOOBBBBXBBBB;;;
GGGGXGGGGYYYYXYYYYRRRRXRRRRWWWWXOWOOOOOBXOBBOBBBBXWBWW;;;
GGGGXGGGGYYYYXYYYYRRRRXRRRRWWWWXOWOOOOOBXOBBOBBBBXWBWW;;;
GGGGXGGGGYYYOXYOOYRRRRXRRRRWWWWXWWWWOOOOXBOBBBBBYXBYYB;;;
GGGGXGGGGYYYYXBYBBRRRYXRYYRWWWWXWWWWOOOOXOOOORRBRXBBBB;;;
GGGGXRGRRYYYYXYYYYRWWRXWRRRGGWGXWWWWOOOOXOOOOBBBBXBBBB;;;
GGGRXGRRGYGGYXGYYYYYRYXRRRRWWWWXWWWWOOOOXOOOOBBBBXBBBB;;;
GGGGXGGGGYYYYXRYRRRRRBXRBBRWWWWXWWWWOOOOXOOOOYYBYXBBBB;;;
GGGGXGGGGYYYOXYOOYRRRRXRRRRWWWWXWWWWOOOOXBOBBBBBYXBYYB;;;
GGGGXWGWWYYYYXYYYYRGGRXGRRRRRWRXWWWWOOOOXOOOOBBBBXBBBB;;;
GGGYXGYYGYRRYXRYYYGGRGXRRRRWWWWXWWWWOOOOXOOOOBBBBXBBBB;;;
GGGGXGGGGYYYYXRYRRRRRBXRBBRWWWWXWWWWOOOOXOOOOYYBYXBBBB;;;
GGGGXGGGGYYYYXYYYYRRRRXRRRRWWWWXOWOOOOOBXOBBOBBBBXWBWW;;;
GWWGXWGGGYYYYXYYYYRRRRXRRRRWOOWXOWWWGGOGXOOOOBBBBXBBBB;;;
GGGGXGGGGYYYOXYOOYRRRRXRRRRWWWWXWWWWOOOOXBOBBBBBYXBYYB;;;
GWWGXWGGGYYYYXYYYYRRRRXRRRRWOOWXOWWWGGOGXOOOOBBBBXBBBB;;;
GGGGXGGGGYYYYXYYYYRRRRXWRWWWWWBXWBBWOOOOXOOOOBRRBXRBBB;;;
GGGGXGGGGYYYYXRYRRRRRBXRBBRWWWWXWWWWOOOOXOOOOYYBYXBBBB;;;
GGGGXGGGGYYYYXYYYYRRRRXRRRRWWWWXBWBBOOOWXOWWOBBBBXOBOO;;;
GGGGXGGGGYYYYXYYYYRRRRXRRRRWWWWXOWOOOOOBXOBBOBBBBXWBWW;;;
GGGGXGGGGYYYYXRYRRRRRBXRBBRWWWWXWWWWOOOOXOOOOYYBYXBBBB;;;
GGGGXGGGGYYYYXYYYYRRRRXRRRRWWWWXOWOOOOOBXOBBOBBBBXWBWW;;;
YYGYXGGGGOOYOXYYYYRRRRXRRRRWWWWXWWWWOGGOXGOOOBBBBXBBBB;;;
GGGGXGGGGYYYBXYBBYRRRRXRRRRWWWWXWWWWOOOOXYOYYBBBOXBOOB;;;
OOGOXGGGGGGYGXYYYYRRRRXRRRRWWWWXWWWWOYYOXYOOOBBBBXBBBB;;;
GGGGXGGGGYYYBXYBBYRRRRXRRRRWWWWXWWWWOOOOXYOYYBBBOXBOOB;;;
GGGGXGGGGYYYYXYYYYRRRRXRRRRWWWWXBWBBOOOWXOWWOBBBBXOBOO;;;
GGGGXGGGGYYYYXYYYYRRRRXRRRRWWWWXBWBBOOOWXOWWOBBBBXOBOO;;;
GGGGXGGGGYYYBXYBBYRRRRXRRRRWWWWXWWWWOOOOXYOYYBBBOXBOOB;;;
GGGGXGGGGYYYYXYYYYRRRRXBRBBWWWRXWRRWOOOOXOOOOBWWBXWBBB;;;
GGGYXGYYGYRRYXRYYYGGRGXRRRRWWWWXWWWWOOOOXOOOOBBBBXBBBB;;;
GGGGXGGGGYYYYXYYYYRRRRXBRBBWWWRXWRRWOOOOXOOOOBWWBXWBBB;;;
GGGGXGGGGYYYOXYOOYRRRRXRRRRWWWWXWWWWOOOOXBOBBBBBYXBYYB;;;
GGGGXGGGGYYYYXYYYYRRRRXWRWWWWWBXWBBWOOOOXOOOOBRRBXRBBB;;;
GGGGXGGGGYYYYXBYBBRRRYXRYYRWWWWXWWWWOOOOXOOOORRBRXBBBB;;;
GWWGXWGGGYYYYXYYYYRRRRXRRRRWOOWXOWWWGGOGXOOOOBBBBXBBBB;;;
GGGGXGGGGYYYYXYYYYRRRRXBRBBWWWRXWRRWOOOOXOOOOBWWBXWBBB;;;
GGGGXGGGGYYYYXYYYYRRRRXRRRRWWWWXBWBBOOOWXOWWOBBBBXOBOO;;;
OOGOXGGGGGGYGXYYYYRRRRXRRRRWWWWXWWWWOYYOXYOOOBBBBXBBBB;;;
GGGGXWGWWYYYYXYYYYRGGRXGRRRRRWRXWWWWOOOOXOOOOBBBBXBBBB;;;
GGGGXWGWWYYYYXYYYYRGGRXGRRRRRWRXWWWWOOOOXOOOOBBBBXBBBB;;;
GGGGXGGGGYYYOXYOOYRRRRXRRRRWWWWXWWWWOOOOXBOBBBBBYXBYYB;;;
YYGYXGGGGOOYOXYYYYRRRRXRRRRWWWWXWWWWOGGOXGOOOBBBBXBBBB;;;
YYGYXGGGGOOYOXYYYYRRRRXRRRRWWWWXWWWWOGGOXGOOOBBBBXBBBB;;;
GGGYXGYYGYRRYXRYYYGGRGXRRRRWWWWXWWWWOOOOXOOOOBBBBXBBBB;;;
GGGGXGGGGYYYYXYYYYRRRRXWRWWWWWBXWBBWOOOOXOOOOBRRBXRBBB;;;
GOOGXOGGGYYYYXYYYYRRRRXRRRRWGGWXGWWWWWOWXOOOOBBBBXBBBB;;;
GGGGXWGWWYYYYXYYYYRGGRXGRRRRRWRXWWWWOOOOXOOOOBBBBXBBBB;;;
GGGGXWGWWYYYYXYYYYRGGRXGRRRRRWRXWWWWOOOOXOOOOBBBBXBBBB;;;
GGGGXGGGGYYYOXYOOYRRRRXRRRRWWWWXWWWWOOOOXBOBBBBBYXBYYB;;;
GGGGXWGWWYYYYXYYYYRGGRXGRRRRRWRXWWWWOOOOXOOOOBBBBXBBBB;;;
GGGGXGGGGYYYYXYYYYRRRRXRRRRWWWWXBWBBOOOWXOWWOBBBBXOBOO;;;
GOOGXOGGGYYYYXYYYYRRRRXRRRRWGGWXGWWWWWOWXOOOOBBBBXBBBB;;;
GGGRXGRRGYGGYXGYYYYYRYXRRRRWWWWXWWWWOOOOXOOOOBBBBXBBBB;;;
OOGOXGGGGGGYGXYYYYRRRRXRRRRWWWWXWWWWOYYOXYOOOBBBBXBBBB;;;
GGGYXGYYGYRRYXRYYYGGRGXRRRRWWWWXWWWWOOOOXOOOOBBBBXBBBB;;;
GGGGXGGGGYYYYXRYRRRRRBXRBBRWWWWXWWWWOOOOXOOOOYYBYXBBBB;;;
YYGYXGGGGOOYOXYYYYRRRRXRRRRWWWWXWWWWOGGOXGOOOBBBBXBBBB;;;
GGGGXGGGGYYYYXYYYYRRRRXRRRRWWWWXOWOOOOOBXOBBOBBBBXWBWW;;;
GGGGXGGGGYYYYXBYBBRRRYXRYYRWWWWXWWWWOOOOXOOOORRBRXBBBB;;;
GGGGXGGGGYYYBXYBBYRRRRXRRRRWWWWXWWWWOOOOXYOYYBBBOXBOOB;;;
GGGGXGGGGYYYYXYYYYRRRRXRRRRWWWWXOWOOOOOBXOBBOBBBBXWBWW;;;
GOOGXOGGGYYYYXYYYYRRRRXRRRRWGGWXGWWWWWOWXOOOOBBBBXBBBB;;;
GGGGXGGGGYYYBXYBBYRRRRXRRRRWWWWXWWWWOOOOXYOYYBBBOXBOOB;;;
